{"loss": [0.9021902084350586, 0.5273587107658386, 0.45010653138160706, 0.38981059193611145, 0.34485411643981934, 0.3061627745628357, 0.2753979563713074, 0.251519113779068, 0.2306651473045349, 0.21175825595855713, 0.1918998807668686, 0.17863829433918, 0.1602594405412674, 0.14899864792823792, 0.1305602639913559, 0.11922802031040192, 0.10967925935983658, 0.10410719364881516, 0.09400521218776703, 0.08360126614570618, 0.08285597711801529, 0.07484199851751328, 0.0694122463464737, 0.06679190695285797], "accuracy": [0.6162557601928711, 0.7355217933654785, 0.7887041568756104, 0.8196315765380859, 0.8433199524879456, 0.8640696406364441, 0.8810564875602722, 0.8943879008293152, 0.9031680226325989, 0.9129874110221863, 0.9204415082931519, 0.9277164340019226, 0.9340237975120544, 0.9395427107810974, 0.9501146674156189, 0.9528383016586304, 0.9572104215621948, 0.9595398306846619, 0.9626218676567078, 0.9677823781967163, 0.9690725207328796, 0.9727995991706848, 0.974197268486023, 0.9744839668273926], "precision": [0.6224161982536316, 0.7479196786880493, 0.7951036691665649, 0.8225303292274475, 0.84067702293396, 0.8592644929885864, 0.8770251870155334, 0.8912578225135803, 0.9001278877258301, 0.9092204570770264, 0.915702223777771, 0.9248419404029846, 0.9299118518829346, 0.9379478096961975, 0.9468716382980347, 0.9501675367355347, 0.9551514983177185, 0.9587687849998474, 0.961165726184845, 0.9668148159980774, 0.9680228233337402, 0.9723578691482544, 0.9739429950714111, 0.9736841917037964], "recall": [0.5846397280693054, 0.7060900926589966, 0.7767164707183838, 0.8140804767608643, 0.8461151719093323, 0.8707804679870605, 0.8850475549697876, 0.8978521823883057, 0.907216489315033, 0.9170619249343872, 0.9249531030654907, 0.9313921928405762, 0.938652515411377, 0.9409819841384888, 0.9532790780067444, 0.9557547569274902, 0.9595301151275635, 0.9603499174118042, 0.9638640880584717, 0.9686893820762634, 0.9703083634376526, 0.9731264114379883, 0.9743626713752747, 0.975222647190094], "val_loss": [0.6613960266113281, 0.5861574411392212, 0.6021577715873718, 0.5667147636413574, 0.6931504607200623, 0.8020850419998169, 1.1586018800735474, 0.5617640018463135, 0.4094932973384857, 0.49194905161857605, 0.4586964249610901, 0.8792360424995422, 0.5263795256614685, 0.38064172863960266, 0.3776393532752991, 0.5482750535011292, 0.35824069380760193, 0.3062988519668579, 0.8598833084106445, 0.8144844174385071, 0.5255224704742432, 0.4392262399196625, 0.3690454065799713, 0.5756155252456665], "val_accuracy": [0.6277610659599304, 0.6974146366119385, 0.6798443794250488, 0.7459839582443237, 0.6844879388809204, 0.6788403391838074, 0.5947540402412415, 0.7693272829055786, 0.8153865337371826, 0.7748494148254395, 0.7768574357032776, 0.6576305031776428, 0.7587851285934448, 0.8275602459907532, 0.8358433842658997, 0.7629266977310181, 0.8482680916786194, 0.8665913939476013, 0.6915160417556763, 0.7412148714065552, 0.797816276550293, 0.8330823183059692, 0.8525351285934448, 0.8014557957649231], "val_precision": [0.756481945514679, 0.7629555463790894, 0.7770479321479797, 0.7075132131576538, 0.6304003000259399, 0.8951165080070496, 0.9618226885795593, 0.8804540634155273, 0.8297984004020691, 0.877530038356781, 0.7214611768722534, 0.9728096723556519, 0.9377909302711487, 0.8112136125564575, 0.8355279564857483, 0.9228594303131104, 0.8765599727630615, 0.8887995481491089, 0.9256607890129089, 0.9335130453109741, 0.9070556163787842, 0.9356533288955688, 0.871835470199585, 0.7468615174293518], "val_recall": [0.37433961033821106, 0.5727911591529846, 0.5046424269676208, 0.838895857334137, 0.8953167796134949, 0.4049711227416992, 0.19628047943115234, 0.6231483817100525, 0.7942355871200562, 0.6403003931045532, 0.9064604640007019, 0.323618084192276, 0.5552493333816528, 0.8561797738075256, 0.8388625383377075, 0.5736881494522095, 0.810790479183197, 0.8365699648857117, 0.41983017325401306, 0.5205410718917847, 0.6666666865348816, 0.7153614163398743, 0.8275344371795654, 0.9115800261497498], "name": "VGGNetLike_iteration_3", "test_loss": [0.29063859581947327], "test_accuracy": [0.8760080933570862], "test_precision": [0.8963317275047302], "test_recall": [0.8502269387245178]}