{"loss": [1.1750494241714478, 0.503017246723175, 0.41433778405189514, 0.3515211045742035, 0.2989869713783264, 0.25790470838546753, 0.22631153464317322, 0.1995878368616104, 0.18292629718780518, 0.16281503438949585, 0.14751209318637848, 0.1358812153339386, 0.12160880118608475, 0.1117950901389122, 0.10151957720518112, 0.09318068623542786, 0.08621280640363693, 0.08141238242387772, 0.07993768900632858, 0.06651975214481354, 0.06751792132854462, 0.06546901911497116], "accuracy": [0.6196244359016418, 0.75383460521698, 0.8083070516586304, 0.8441442251205444, 0.8706278800964355, 0.8896573781967163, 0.9057841300964355, 0.9166786074638367, 0.9237385392189026, 0.93362957239151, 0.9408686757087708, 0.9442374110221863, 0.9513331651687622, 0.955454409122467, 0.959396481513977, 0.9644854068756104, 0.9662414193153381, 0.9677465558052063, 0.9698250889778137, 0.974949836730957, 0.9739822149276733, 0.9760608077049255], "precision": [0.633836567401886, 0.7642814517021179, 0.8150419592857361, 0.8474760055541992, 0.87140291929245, 0.8891746997833252, 0.9043509364128113, 0.917114794254303, 0.9238422513008118, 0.9353609681129456, 0.9435867667198181, 0.9459420442581177, 0.9530947208404541, 0.9583333134651184, 0.9616824984550476, 0.9668464660644531, 0.9683430194854736, 0.9697296619415283, 0.9714203476905823, 0.9755239486694336, 0.9755133986473083, 0.978104829788208], "recall": [0.4984922707080841, 0.7352415323257446, 0.7985405921936035, 0.8398940563201904, 0.8697801232337952, 0.8906384110450745, 0.9077826142311096, 0.9162607192993164, 0.9238422513008118, 0.931743323802948, 0.9377688765525818, 0.9424192309379578, 0.9496891498565674, 0.952506959438324, 0.9569268226623535, 0.9620724320411682, 0.9640426635742188, 0.9657024145126343, 0.9682221412658691, 0.9743350744247437, 0.9724409580230713, 0.9740492105484009], "val_loss": [0.9193316102027893, 0.782882034778595, 0.6098739504814148, 0.8028941750526428, 0.5717346668243408, 0.6227722764015198, 0.5929492115974426, 0.6012387275695801, 0.5655190944671631, 0.773742139339447, 0.46755748987197876, 1.7751257419586182, 0.46750888228416443, 0.6420267820358276, 0.6093729138374329, 0.4635179340839386, 0.4659021496772766, 0.5478150248527527, 0.48849424719810486, 0.5638629794120789, 0.5585542917251587, 0.5065491199493408], "val_accuracy": [0.523970901966095, 0.5662650465965271, 0.6694276928901672, 0.6123242974281311, 0.7196285128593445, 0.6741967797279358, 0.7080823183059692, 0.7094628810882568, 0.7176204919815063, 0.6819779276847839, 0.7782379388809204, 0.5322540402412415, 0.7861445546150208, 0.7339357137680054, 0.7769829034805298, 0.7935491800308228, 0.7949297428131104, 0.7730923891067505, 0.7897841334342957, 0.7951807379722595, 0.8101154565811157, 0.7877761125564575], "val_precision": [0.7591036558151245, 0.836454451084137, 0.7512953281402588, 0.8423871397972107, 0.74823397397995, 0.6579782366752625, 0.9017987251281738, 0.9134758710861206, 0.8998615741729736, 0.8850817084312439, 0.8395136594772339, 0.9503311514854431, 0.7273634076118469, 0.8543799519538879, 0.8962162137031555, 0.8813614249229431, 0.8323863744735718, 0.912154495716095, 0.85564786195755, 0.8422280550003052, 0.8587273955345154, 0.9137001037597656], "val_recall": [0.0681246891617775, 0.16770963370800018, 0.5085170269012451, 0.27635541558265686, 0.6634928584098816, 0.7275689244270325, 0.46619755029678345, 0.4617898464202881, 0.4895807206630707, 0.42027533054351807, 0.6903274059295654, 0.07176794111728668, 0.915411651134491, 0.5648031830787659, 0.6255030035972595, 0.680090069770813, 0.7372924089431763, 0.6045169234275818, 0.697441041469574, 0.7258105278015137, 0.7408713102340698, 0.6365230679512024], "name": "VGGNetLike_iteration_1", "test_loss": [0.43568941950798035], "test_accuracy": [0.7993951439857483], "test_precision": [0.8784860372543335], "test_recall": [0.6833677887916565]}