{"loss": [1.4516098499298096, 0.5862039923667908, 0.538986086845398, 0.4985356032848358, 0.46731382608413696, 0.4456360936164856, 0.42072993516921997, 0.4042204022407532, 0.38521531224250793, 0.3643132746219635, 0.35298871994018555, 0.3352280259132385, 0.32144695520401, 0.3085838556289673, 0.29805076122283936, 0.2869736850261688, 0.2723061144351959, 0.2568848431110382, 0.24995695054531097, 0.24312962591648102, 0.22978390753269196, 0.22289614379405975, 0.21192993223667145, 0.20624037086963654, 0.19841685891151428, 0.18881961703300476], "accuracy": [0.6299813389778137, 0.6988604068756104, 0.73430335521698, 0.7603210806846619, 0.7822892665863037, 0.79694664478302, 0.8116757273674011, 0.8197032809257507, 0.8299885392189026, 0.8399870991706848, 0.8472620248794556, 0.8562571406364441, 0.8629945516586304, 0.8704845309257507, 0.8752508759498596, 0.8779028058052063, 0.8879730701446533, 0.892237663269043, 0.896179735660553, 0.8990108966827393, 0.90625, 0.9111238718032837, 0.9137399792671204, 0.9170011281967163, 0.9206923842430115, 0.9250286817550659], "precision": [0.6821281313896179, 0.7206445336341858, 0.7542313933372498, 0.7787428498268127, 0.7997106909751892, 0.8124906420707703, 0.826716959476471, 0.8352183103561401, 0.8433987498283386, 0.8508082628250122, 0.857578694820404, 0.866199791431427, 0.8728582859039307, 0.8794518709182739, 0.8862517476081848, 0.8857643604278564, 0.8974339962005615, 0.899444580078125, 0.9038953185081482, 0.9064071774482727, 0.9119016528129578, 0.9188321232795715, 0.9211732745170593, 0.9229761362075806, 0.9256624579429626, 0.9309368133544922], "recall": [0.6022577881813049, 0.6482956409454346, 0.6974201202392578, 0.7298107743263245, 0.753100574016571, 0.7735849022865295, 0.7873212099075317, 0.7975254058837891, 0.8092020153999329, 0.8238673210144043, 0.8307504057884216, 0.8425354957580566, 0.8500429391860962, 0.8590551018714905, 0.8618693947792053, 0.8680744171142578, 0.875798225402832, 0.8829901814460754, 0.8865950107574463, 0.8901854157447815, 0.8992109298706055, 0.9019776582717896, 0.9052932858467102, 0.9097301959991455, 0.9147058725357056, 0.9182664752006531], "val_loss": [0.8071248531341553, 0.697435200214386, 0.7697299122810364, 0.8787858486175537, 0.987494945526123, 0.8760309219360352, 0.7774343490600586, 0.6302499771118164, 0.9223495125770569, 0.5926324725151062, 0.5927202105522156, 0.6504777073860168, 0.5072106719017029, 1.5277043581008911, 0.5377652645111084, 0.8316040635108948, 1.1108787059783936, 0.683249831199646, 0.4970768690109253, 0.48784661293029785, 0.5042287111282349, 0.6527429819107056, 0.4907365143299103, 0.4907359778881073, 1.6381794214248657, 0.9368578195571899], "val_accuracy": [0.602911651134491, 0.6252509951591492, 0.5372741222381592, 0.5252258777618408, 0.5011295080184937, 0.5372741222381592, 0.602786123752594, 0.6548694968223572, 0.6517319083213806, 0.7104668617248535, 0.7299196720123291, 0.6814758777618408, 0.7541415691375732, 0.5739206671714783, 0.7296686768531799, 0.6098142862319946, 0.5518323183059692, 0.6662901639938354, 0.7769829034805298, 0.7754769325256348, 0.7580321431159973, 0.6962851285934448, 0.7787399888038635, 0.7713353633880615, 0.5035140514373779, 0.6778363585472107], "val_precision": [0.5886387825012207, 0.5988566875457764, 0.8709677457809448, 0.8571428656578064, 1.0, 0.9312320947647095, 0.9031935930252075, 0.8219321370124817, 0.6164513826370239, 0.8671298027038574, 0.6966171264648438, 0.9176672101020813, 0.8077622652053833, 0.5408744215965271, 0.8297720551490784, 0.9119318127632141, 0.9696969985961914, 0.9342537522315979, 0.7228745222091675, 0.8570032715797424, 0.7066290378570557, 0.9646017551422119, 0.7817490696907043, 0.8650472164154053, 0.9743589758872986, 0.8723293542861938], "val_recall": [0.6880481243133545, 0.7615943551063538, 0.08175624161958694, 0.06595053523778915, 0.0007541478262282908, 0.08149448037147522, 0.2277875691652298, 0.39517951011657715, 0.8110472559928894, 0.49949973821640015, 0.812924325466156, 0.40135034918785095, 0.6678365468978882, 0.9781626462936401, 0.5816275477409363, 0.2420206069946289, 0.10468042641878128, 0.35703518986701965, 0.8974616527557373, 0.660889208316803, 0.8813772201538086, 0.4092615842819214, 0.7737079858779907, 0.643251359462738, 0.009516654536128044, 0.4189189076423645], "name": "VGGNetLike_iteration_4", "test_loss": [0.48797106742858887], "test_accuracy": [0.7724294066429138], "test_precision": [0.8651162981987], "test_recall": [0.6503496766090393]}