{
    "loss": [
        1.2595336437225342,
        0.49574676156044006,
        0.43543872237205505,
        0.3934047818183899,
        0.35647350549697876,
        0.3314139246940613,
        0.3046480715274811,
        0.2872188985347748,
        0.26847538352012634,
        0.24873864650726318,
        0.23705261945724487,
        0.2275727242231369,
        0.21140441298484802,
        0.20521333813667297,
        0.19353754818439484,
        0.18499377369880676,
        0.1751212179660797,
        0.1691959649324417,
        0.16216900944709778,
        0.15586036443710327
    ],
    "accuracy": [
        0.6739177107810974,
        0.7670943140983582,
        0.8044008016586304,
        0.8286983966827393,
        0.8487672209739685,
        0.8628153800964355,
        0.8753225207328796,
        0.8834217190742493,
        0.8896215558052063,
        0.8999426364898682,
        0.9048523306846619,
        0.9087585806846619,
        0.9164994359016418,
        0.9198681116104126,
        0.9242761135101318,
        0.927322268486023,
        0.9316943883895874,
        0.9347405433654785,
        0.9373566508293152,
        0.9395785331726074
    ],
    "precision": [
        0.610607385635376,
        0.7698085904121399,
        0.8050981163978577,
        0.8282568454742432,
        0.8489460349082947,
        0.8595346212387085,
        0.8740714192390442,
        0.8814561367034912,
        0.8872968554496765,
        0.8995205163955688,
        0.903661847114563,
        0.9058773517608643,
        0.9124884605407715,
        0.9173318147659302,
        0.9210078120231628,
        0.9256587624549866,
        0.929268479347229,
        0.9324458837509155,
        0.9344273805618286,
        0.9358091354370117
    ],
    "recall": [
        0.70199054479599,
        0.7629205584526062,
        0.804291844367981,
        0.8296805620193481,
        0.8494316339492798,
        0.8676596879959106,
        0.8770157098770142,
        0.8861910700798035,
        0.8925139904022217,
        0.9005516767501831,
        0.906189501285553,
        0.91274493932724,
        0.9215068221092224,
        0.922856330871582,
        0.9284538626670837,
        0.9292422533035278,
        0.9345941543579102,
        0.9375849962234497,
        0.9409787058830261,
        0.9439868330955505
    ],
    "val_loss": [
        0.6605731248855591,
        0.824349582195282,
        2.1418161392211914,
        1.5871951580047607,
        0.6322726607322693,
        0.6483231782913208,
        5.391859531402588,
        3.715787172317505,
        1.1930614709854126,
        1.2213023900985718,
        0.5230061411857605,
        0.8660342693328857,
        0.985957682132721,
        0.5205907225608826,
        0.5904694199562073,
        0.7803027033805847,
        0.6133520603179932,
        0.9892445802688599,
        0.5777410864830017,
        1.6635851860046387
    ],
    "val_accuracy": [
        0.6219879388809204,
        0.5445532202720642,
        0.5084086060523987,
        0.6350401639938354,
        0.6927710771560669,
        0.6827309131622314,
        0.5015060305595398,
        0.5051456093788147,
        0.5691515803337097,
        0.5376505851745605,
        0.763052225112915,
        0.6216114163398743,
        0.5399096608161926,
        0.7349397540092468,
        0.7060742974281311,
        0.6475903391838074,
        0.7523845434188843,
        0.5865963697433472,
        0.7418423891067505,
        0.5079066157341003
    ],
    "val_precision": [
        0.730105459690094,
        0.7951127886772156,
        0.8113207817077637,
        0.8001104593276978,
        0.7129225730895996,
        0.6211055517196655,
        0.625,
        0.8787878751754761,
        0.8074398040771484,
        0.919571042060852,
        0.7176591157913208,
        0.8151260614395142,
        0.5211175084114075,
        0.8329185843467712,
        0.6806685924530029,
        0.5889109969139099,
        0.8227929472923279,
        0.8877665400505066,
        0.7798271179199219,
        0.970588207244873
    ],
    "val_recall": [
        0.3834340274333954,
        0.1072787195444107,
        0.02159176580607891,
        0.3627033829689026,
        0.6521196961402893,
        0.9330649375915527,
        0.001258178148418665,
        0.007308467756956816,
        0.1847309172153473,
        0.08581436425447464,
        0.8720059990882874,
        0.3160400986671448,
        0.9962387084960938,
        0.5879548192024231,
        0.7766624689102173,
        0.9687578678131104,
        0.6433233022689819,
        0.19849435985088348,
        0.676669180393219,
        0.01656210795044899
    ],
    "name": "VGGNetLike_iteration_0",
    "test_loss": [
        0.5239043831825256
    ],
    "test_accuracy": [
        0.7295867204666138
    ],
    "test_precision": [
        0.8359201550483704
    ],
    "test_recall": [
        0.5706357359886169
    ]
}