{
    "loss": [
        0.6737915873527527,
        0.5741283893585205,
        0.5167173743247986,
        0.4720872938632965,
        0.43610408902168274,
        0.4089343845844269,
        0.38322362303733826,
        0.36499646306037903,
        0.34298402070999146,
        0.32629209756851196,
        0.30507996678352356,
        0.2856007218360901,
        0.2662937045097351,
        0.25104910135269165,
        0.23112274706363678,
        0.2149764895439148,
        0.2018740028142929,
        0.179310142993927,
        0.17143741250038147,
        0.15362127125263214,
        0.1402958184480667,
        0.12961360812187195
    ],
    "accuracy": [
        0.6161124110221863,
        0.6978210806846619,
        0.7414707541465759,
        0.771179735660553,
        0.7932196259498596,
        0.8092746734619141,
        0.8227852582931519,
        0.8330346941947937,
        0.8454343676567078,
        0.8546086549758911,
        0.8663274049758911,
        0.8731722831726074,
        0.8836725950241089,
        0.8920943140983582,
        0.9016987085342407,
        0.9082568883895874,
        0.9160335659980774,
        0.9240968823432922,
        0.9305834174156189,
        0.9380733966827393,
        0.9444165825843811,
        0.9488604068756104
    ],
    "precision": [
        0.6297872066497803,
        0.6996601819992065,
        0.7461014986038208,
        0.7705823183059692,
        0.7950807809829712,
        0.8090096712112427,
        0.8208552598953247,
        0.83433997631073,
        0.8476629853248596,
        0.8538747429847717,
        0.8645788431167603,
        0.8742416501045227,
        0.8817012310028076,
        0.8889047503471375,
        0.9001213908195496,
        0.9078571200370789,
        0.9147597551345825,
        0.9238778948783875,
        0.9301144480705261,
        0.9369769096374512,
        0.9452990293502808,
        0.9477564096450806
    ],
    "recall": [
        0.6530384421348572,
        0.693443238735199,
        0.7312190532684326,
        0.7713013887405396,
        0.7900659441947937,
        0.8101682662963867,
        0.8266685605049133,
        0.8312916159629822,
        0.8422561287879944,
        0.8557713031768799,
        0.868179202079773,
        0.8733066916465759,
        0.8857532739639282,
        0.8956103324890137,
        0.9036697149276733,
        0.9091559648513794,
        0.9174495935440063,
        0.9240106344223022,
        0.9312468767166138,
        0.9392613768577576,
        0.9433326125144958,
        0.949999988079071
    ],
    "val_loss": [
        0.6602516174316406,
        0.9406728148460388,
        0.7502179145812988,
        0.6161494851112366,
        0.883453905582428,
        0.6158170104026794,
        0.5438107252120972,
        0.5676128268241882,
        0.5672624707221985,
        0.7458468079566956,
        0.4947892427444458,
        0.6257316470146179,
        1.043260097503662,
        0.6152395606040955,
        0.5631391406059265,
        0.46824005246162415,
        0.6822143197059631,
        0.5596780180931091,
        0.4914568066596985,
        0.6279166340827942,
        1.165627121925354,
        0.8964616060256958
    ],
    "val_accuracy": [
        0.6094377636909485,
        0.5153112411499023,
        0.5849648714065552,
        0.6760793328285217,
        0.5835843086242676,
        0.689131498336792,
        0.7247741222381592,
        0.7123494148254395,
        0.7126004099845886,
        0.6501004099845886,
        0.7543925642967224,
        0.6559990048408508,
        0.6079317331314087,
        0.733433723449707,
        0.744352400302887,
        0.7822540402412415,
        0.7223895788192749,
        0.7732178568840027,
        0.7774849534034729,
        0.7553966045379639,
        0.6804718971252441,
        0.713102400302887
    ],
    "val_precision": [
        0.724155843257904,
        0.6955128312110901,
        0.5565000176429749,
        0.6849315166473389,
        0.8104875683784485,
        0.6519370675086975,
        0.7331592440605164,
        0.6680580377578735,
        0.6863217949867249,
        0.837716817855835,
        0.73893803358078,
        0.8641975522041321,
        0.9427987933158875,
        0.8056548833847046,
        0.6967278718948364,
        0.7517921328544617,
        0.6688892841339111,
        0.7632991671562195,
        0.7956533432006836,
        0.6919030547142029,
        0.8473210334777832,
        0.9023696780204773
    ],
    "val_recall": [
        0.3506918251514435,
        0.05446787178516388,
        0.8378921151161194,
        0.6524466872215271,
        0.22063611447811127,
        0.8111975789070129,
        0.705704927444458,
        0.8438363075256348,
        0.7847117781639099,
        0.37471839785575867,
        0.7914692163467407,
        0.3693467378616333,
        0.23127035796642303,
        0.6189762949943542,
        0.8710401654243469,
        0.8425809741020203,
        0.8810539245605469,
        0.7889028787612915,
        0.7497502565383911,
        0.922595202922821,
        0.44552481174468994,
        0.47791165113449097
    ],
    "name": "VGGNetLike_iteration_2",
    "test_loss": [
        0.45142480731010437
    ],
    "test_accuracy": [
        0.788306474685669
    ],
    "test_precision": [
        0.7622472047805786
    ],
    "test_recall": [
        0.84504234790802
    ]
}