{"loss": [0.6237006783485413, 0.49945154786109924, 0.42797765135765076, 0.3779197931289673, 0.32795560359954834, 0.2905479073524475, 0.2580711841583252, 0.2344074249267578, 0.20938439667224884, 0.1820637434720993, 0.1653158962726593, 0.16542810201644897, 0.14671970903873444], "accuracy": [0.6581851840019226, 0.7570957541465759, 0.8022505640983582, 0.8315653800964355, 0.8547161817550659, 0.8736382126808167, 0.8907683491706848, 0.9015911817550659, 0.9145641922950745, 0.9238818883895874, 0.9323394298553467, 0.9321244359016418, 0.9402952790260315], "precision": [0.6638818383216858, 0.7649319767951965, 0.8080140948295593, 0.8338870406150818, 0.8572253584861755, 0.8731440305709839, 0.8922500610351562, 0.9004149436950684, 0.9148355722427368, 0.9269313812255859, 0.9323156476020813, 0.9309262037277222, 0.9419039487838745], "recall": [0.6388171315193176, 0.7420048713684082, 0.7914031147956848, 0.8279076218605042, 0.8512041568756104, 0.8727665543556213, 0.8886657357215881, 0.902869462966919, 0.91404789686203, 0.9202867150306702, 0.9317789077758789, 0.933724582195282, 0.9385298490524292], "val_loss": [0.5896836519241333, 0.4523528814315796, 0.44802168011665344, 0.3825119435787201, 0.33832454681396484, 0.44083213806152344, 0.30312153697013855, 0.3128761351108551, 0.36541464924812317, 0.4553253948688507, 0.324421226978302, 0.3319094181060791, 0.3149290382862091], "val_accuracy": [0.6764112710952759, 0.7951108813285828, 0.7827621102333069, 0.8278729915618896, 0.8525705933570862, 0.8077117204666138, 0.8692036271095276, 0.8724798560142517, 0.8591229915618896, 0.8177923560142517, 0.8729838728904724, 0.8739919066429138, 0.8739919066429138], "val_precision": [0.8492568731307983, 0.8169863224029541, 0.9156086444854736, 0.9003735780715942, 0.803887665271759, 0.7353965044021606, 0.8914438486099243, 0.8974906802177429, 0.8506743907928467, 0.9525495767593384, 0.8473684191703796, 0.8923157453536987, 0.8590244054794312], "val_recall": [0.41194644570350647, 0.7568528056144714, 0.6207594871520996, 0.7343829274177551, 0.9342369437217712, 0.9601010084152222, 0.8406454920768738, 0.8426065444946289, 0.8764268159866333, 0.6721639037132263, 0.9054192304611206, 0.8530734777450562, 0.8930020332336426], "name": "sequential_1", "test_loss": [0.2788110375404358], "test_accuracy": [0.8800403475761414], "test_precision": [0.9013640880584717], "test_recall": [0.85643070936203], "epochs": 12}