{"loss": [0.7065339684486389, 0.5499293208122253, 0.4820224642753601, 0.43717601895332336, 0.3891545534133911, 0.3541082441806793, 0.33749154210090637, 0.30166980624198914, 0.27790501713752747, 0.2633375823497772, 0.2515397369861603, 0.2300630807876587, 0.2205236703157425, 0.20881694555282593, 0.20547837018966675], "accuracy": [0.6222047209739685, 0.7267774939537048, 0.7719323635101318, 0.8017488718032837, 0.8296301364898682, 0.8464736342430115, 0.8579415082931519, 0.8696244359016418, 0.8832425475120544, 0.8898366093635559, 0.8970757126808167, 0.9058199524879456, 0.9121989607810974, 0.9184346199035645, 0.920298159122467], "precision": [0.6259292364120483, 0.733303427696228, 0.7786293029785156, 0.8023641109466553, 0.8339150547981262, 0.8453206419944763, 0.8564021587371826, 0.8687292337417603, 0.8825893402099609, 0.8894661068916321, 0.895474910736084, 0.904981255531311, 0.9117773771286011, 0.9184617400169373, 0.9191250801086426], "recall": [0.6044508218765259, 0.7077144980430603, 0.7587246894836426, 0.7995977401733398, 0.8227866291999817, 0.8453206419944763, 0.8578848838806152, 0.8683525919914246, 0.8834770321846008, 0.8888248205184937, 0.8967713713645935, 0.9057636857032776, 0.9124318361282349, 0.9171358346939087, 0.9207150340080261], "val_loss": [0.5750576853752136, 0.7286893725395203, 0.42886462807655334, 0.40049681067466736, 0.41537970304489136, 0.39517033100128174, 0.3642585277557373, 0.4217449724674225, 0.33505478501319885, 0.35411566495895386, 0.35326120257377625, 0.3783579468727112, 0.4217943549156189, 0.40769919753074646, 0.36501091718673706], "val_accuracy": [0.7006048560142517, 0.6748992204666138, 0.8009072542190552, 0.8172882795333862, 0.8150201439857483, 0.8349294066429138, 0.8389617204666138, 0.8031753897666931, 0.8598790168762207, 0.8550907373428345, 0.8566028475761414, 0.8525705933570862, 0.8533266186714172, 0.8510584831237793, 0.8717237710952759], "val_precision": [0.6993144154548645, 0.8641470670700073, 0.8113695383071899, 0.8773923516273499, 0.7911885976791382, 0.8774482607841492, 0.8832964897155762, 0.9369627237319946, 0.8346567153930664, 0.884864866733551, 0.8222322463989258, 0.9199288487434387, 0.8692945837974548, 0.8155645728111267, 0.8384160399436951], "val_recall": [0.7132866978645325, 0.4223664402961731, 0.786967396736145, 0.7382989525794983, 0.8607089519500732, 0.7824351191520691, 0.7886419892311096, 0.6536731719970703, 0.8984414339065552, 0.8189094662666321, 0.9130434989929199, 0.7751124501228333, 0.8354935050010681, 0.9092276692390442, 0.9228456616401672], "name": "sequential_1", "test_loss": [0.30283915996551514], "test_accuracy": [0.8709677457809448], "test_precision": [0.8431925177574158], "test_recall": [0.9098277688026428], "epochs": 14}