{"loss": [0.6320876479148865, 0.5160902738571167, 0.4373111426830292, 0.3867526948451996, 0.34932106733322144, 0.30570074915885925, 0.2861402630805969, 0.2581883668899536, 0.22924284636974335, 0.21250805258750916, 0.19389323890209198, 0.17743921279907227, 0.16779343783855438, 0.15747860074043274, 0.14311006665229797, 0.13572369515895844, 0.13019700348377228], "accuracy": [0.6563933491706848, 0.7491399049758911, 0.7995986342430115, 0.8279100060462952, 0.8477637767791748, 0.8661840558052063, 0.8790137767791748, 0.8885464668273926, 0.9052465558052063, 0.9131307601928711, 0.9210149049758911, 0.9267488718032837, 0.9315510392189026, 0.9367832541465759, 0.942947268486023, 0.9471043348312378, 0.9503297209739685], "precision": [0.6600470542907715, 0.752936065196991, 0.802442193031311, 0.8288885951042175, 0.8517221212387085, 0.8664072751998901, 0.8798673152923584, 0.888458251953125, 0.9040880799293518, 0.9131874442100525, 0.9211360812187195, 0.9278202056884766, 0.9322473406791687, 0.9374641180038452, 0.9442764520645142, 0.9467718601226807, 0.9517846703529358], "recall": [0.6437589526176453, 0.7430247664451599, 0.7934454679489136, 0.8256748914718628, 0.8404377698898315, 0.8647871017456055, 0.8770845532417297, 0.8883306980133057, 0.9066800475120544, 0.9123992919921875, 0.9200748801231384, 0.925154447555542, 0.9302359223365784, 0.9361214637756348, 0.9412946701049805, 0.947315514087677, 0.9486443996429443], "val_loss": [0.7019447088241577, 0.470344603061676, 0.41901853680610657, 0.5828588008880615, 0.782891035079956, 0.4195181727409363, 0.3987619876861572, 0.4089735448360443, 0.6768642663955688, 0.35531193017959595, 0.3296992778778076, 0.3708861470222473, 0.36017343401908875, 0.3642931580543518, 0.3906290531158447, 0.35609301924705505, 0.4363471567630768], "val_accuracy": [0.6275201439857483, 0.7767137289047241, 0.8104838728904724, 0.7169858813285828, 0.6764112710952759, 0.8092237710952759, 0.8440020084381104, 0.8432459831237793, 0.7809979915618896, 0.8480342626571655, 0.8669354915618896, 0.8689516186714172, 0.8717237710952759, 0.8654233813285828, 0.8737398982048035, 0.8704637289047241, 0.8497983813285828], "val_precision": [0.8826087117195129, 0.8295724391937256, 0.8699472546577454, 0.9553478956222534, 0.9656991958618164, 0.8677536249160767, 0.801923930644989, 0.7901598215103149, 0.70990389585495, 0.9064705967903137, 0.8790697455406189, 0.8549471497535706, 0.854107677936554, 0.8854111433029175, 0.8945416212081909, 0.8665000200271606, 0.9016203880310059], "val_recall": [0.30358922481536865, 0.6998997926712036, 0.7369726896286011, 0.46000000834465027, 0.36783918738365173, 0.7275949120521545, 0.9169999957084656, 0.9385614395141602, 0.9581047296524048, 0.7763224244117737, 0.8526315689086914, 0.890890896320343, 0.9004479646682739, 0.8399597406387329, 0.8482412099838257, 0.8752525448799133, 0.7852822542190552], "name": "sequential_1", "test_loss": [0.2893410623073578], "test_accuracy": [0.8805443644523621], "test_precision": [0.9039255976676941], "test_recall": [0.8586849570274353], "epochs": 16}