{"loss": [0.6250790953636169, 0.4924044907093048, 0.42432984709739685, 0.36753642559051514, 0.3192702531814575, 0.2905019521713257, 0.2597216069698334, 0.23909294605255127, 0.20948323607444763, 0.19185857474803925, 0.1826244294643402, 0.1685020625591278, 0.16273367404937744, 0.13705889880657196, 0.13600564002990723, 0.1406553089618683, 0.12271890789270401, 0.11610221862792969, 0.11520274728536606], "accuracy": [0.6615539193153381, 0.7626863718032837, 0.8094180226325989, 0.837514340877533, 0.8629587292671204, 0.8752149939537048, 0.8899799585342407, 0.8987241983413696, 0.9122706651687622, 0.9215166568756104, 0.9255303740501404, 0.9348480701446533, 0.9355648159980774, 0.9466742873191833, 0.9482511281967163, 0.9444524049758911, 0.9521932601928711, 0.9559202790260315, 0.95699542760849], "precision": [0.6653508543968201, 0.7686083912849426, 0.8167661428451538, 0.8419075012207031, 0.8642365336418152, 0.8743200898170471, 0.893714964389801, 0.8999857902526855, 0.9160657525062561, 0.923319935798645, 0.926822304725647, 0.9376705288887024, 0.9372481107711792, 0.9488025307655334, 0.9487471580505371, 0.9456443786621094, 0.9526795744895935, 0.9570015668869019, 0.9599310755729675], "recall": [0.6516323089599609, 0.7503949403762817, 0.8003422617912292, 0.832404613494873, 0.8617630004882812, 0.8762013912200928, 0.8864479064941406, 0.8996029496192932, 0.9082070589065552, 0.9197539687156677, 0.9245714545249939, 0.9321815967559814, 0.9336200952529907, 0.94473797082901, 0.9484770894050598, 0.9436197280883789, 0.9522724151611328, 0.9549484848976135, 0.954175591468811], "val_loss": [0.6619968414306641, 0.5151709914207458, 0.4348249137401581, 0.4145222306251526, 0.3699491322040558, 0.3582025170326233, 0.31620925664901733, 0.33518001437187195, 0.3404013216495514, 0.3379068970680237, 0.33033138513565063, 0.3723316192626953, 0.31460702419281006, 0.345436692237854, 0.7047277688980103, 0.33604779839515686, 0.4595497250556946, 0.36877337098121643, 0.386974036693573], "val_accuracy": [0.6239919066429138, 0.75, 0.7890625, 0.8099798560142517, 0.8472782373428345, 0.8379536271095276, 0.8588709831237793, 0.860131025314331, 0.8495463728904724, 0.866431474685669, 0.8681955933570862, 0.8598790168762207, 0.8843246102333069, 0.8704637289047241, 0.7988911271095276, 0.8684476017951965, 0.8581148982048035, 0.8770161271095276, 0.8911290168762207], "val_precision": [0.8772727251052856, 0.7979677319526672, 0.9220684766769409, 0.7566030025482178, 0.8987414240837097, 0.8918449878692627, 0.8693415522575378, 0.8438095450401306, 0.882611095905304, 0.8748733401298523, 0.9059734344482422, 0.9024526476860046, 0.8759195804595947, 0.8626968264579773, 0.9516981244087219, 0.8922666907310486, 0.9034988880157471, 0.8741328120231628, 0.8824681639671326], "val_recall": [0.2909547686576843, 0.6711915731430054, 0.6342685222625732, 0.9231532216072083, 0.7854999899864197, 0.7717717885971069, 0.8466933965682983, 0.8864431977272034, 0.8077309131622314, 0.8592039942741394, 0.822702169418335, 0.809499979019165, 0.8965863585472107, 0.8817907571792603, 0.6320801973342896, 0.8394380211830139, 0.8033115863800049, 0.8828828930854797, 0.9037111401557922], "name": "sequential_1", "test_loss": [0.2301173359155655], "test_accuracy": [0.9087701439857483], "test_precision": [0.8930323719978333], "test_recall": [0.9266802668571472], "epochs": 18}