{"loss": [0.7185375094413757, 0.5415846705436707, 0.47908738255500793, 0.41765767335891724, 0.38175466656684875, 0.34082913398742676, 0.3110457956790924, 0.2946614623069763, 0.28052517771720886, 0.2521730661392212, 0.23937082290649414, 0.2269631326198578, 0.20750470459461212, 0.19238004088401794, 0.1837552785873413, 0.178477942943573, 0.16612084209918976, 0.16964980959892273, 0.16707751154899597, 0.15852457284927368, 0.15105758607387543], "accuracy": [0.6214879751205444, 0.7352350950241089, 0.7794581651687622, 0.8134317398071289, 0.8327121734619141, 0.8546444773674011, 0.868764340877533, 0.8758600950241089, 0.8814507126808167, 0.8957855701446533, 0.9040997624397278, 0.9094753265380859, 0.9133457541465759, 0.9238101840019226, 0.9263904690742493, 0.9304042458534241, 0.9356364607810974, 0.9364965558052063, 0.9381450414657593, 0.9426605701446533, 0.9433056116104126], "precision": [0.6254110336303711, 0.7408764362335205, 0.784761905670166, 0.8161118030548096, 0.8355414867401123, 0.8548248410224915, 0.8662782311439514, 0.8761699199676514, 0.8812903165817261, 0.8951289653778076, 0.9037638902664185, 0.9106475114822388, 0.9172075390815735, 0.9243383407592773, 0.9273406267166138, 0.930402398109436, 0.9363623261451721, 0.9362037181854248, 0.9370699524879456, 0.9434070587158203, 0.9448671936988831], "recall": [0.6012358069419861, 0.7241082787513733, 0.7690982222557068, 0.8101573586463928, 0.8295682072639465, 0.8540889620780945, 0.8726023435592651, 0.8746586441993713, 0.8815430998802185, 0.8964132070541382, 0.9053127765655518, 0.9079041481018066, 0.9092078804969788, 0.922878086566925, 0.9253474473953247, 0.9305356740951538, 0.9350221753120422, 0.9370078444480896, 0.9390892386436462, 0.9417837858200073, 0.941757321357727], "val_loss": [0.5718045234680176, 0.5165857076644897, 0.47800636291503906, 0.437851220369339, 0.6466076970100403, 0.3574369549751282, 0.4296770691871643, 0.4035894274711609, 0.673655092716217, 0.39667531847953796, 0.35070544481277466, 0.33952921628952026, 0.6331573724746704, 0.3377281427383423, 0.3200446665287018, 0.4221404790878296, 0.38545241951942444, 0.3745136260986328, 0.5886475443840027, 0.4073883295059204, 0.4069150388240814], "val_accuracy": [0.7129536271095276, 0.7454637289047241, 0.7764617204666138, 0.8092237710952759, 0.7162298560142517, 0.84375, 0.7913306355476379, 0.8308971524238586, 0.7837701439857483, 0.8530746102333069, 0.8568548560142517, 0.8641632795333862, 0.7981351017951965, 0.8616431355476379, 0.8744959831237793, 0.8397177457809448, 0.866431474685669, 0.8686996102333069, 0.8177923560142517, 0.8205645084381104, 0.8644153475761414], "val_precision": [0.706781268119812, 0.7082623243331909, 0.718393087387085, 0.7560975551605225, 0.64974445104599, 0.8266283273696899, 0.9008380174636841, 0.9150000214576721, 0.7132892608642578, 0.813507616519928, 0.9026598930358887, 0.8808398842811584, 0.7293804883956909, 0.8740279674530029, 0.879292905330658, 0.782608687877655, 0.894565224647522, 0.8416435718536377, 0.9247669577598572, 0.9155927896499634, 0.8598790168762207], "val_recall": [0.7381545901298523, 0.8365191221237183, 0.913827657699585, 0.9103797674179077, 0.9511221647262573, 0.8699596524238586, 0.6528339982032776, 0.7323662042617798, 0.961881160736084, 0.9233432412147522, 0.8011049628257751, 0.843216061592102, 0.9556772708892822, 0.8463855385780334, 0.8705000281333923, 0.9473684430122375, 0.8304742574691772, 0.9110444784164429, 0.6948474049568176, 0.7097902297973633, 0.8677517771720886], "name": "sequential_1", "test_loss": [0.2558513283729553], "test_accuracy": [0.8981854915618896], "test_precision": [0.8999009132385254], "test_recall": [0.8999009132385254], "epochs": 20}