{"loss": [0.6245694756507874, 0.4850913882255554, 0.41382962465286255, 0.3676624000072479, 0.3355920910835266, 0.30141788721084595, 0.2852293848991394, 0.2686235010623932, 0.2522890865802765, 0.2354581654071808, 0.22585658729076385, 0.22080077230930328, 0.20304490625858307, 0.19559238851070404, 0.1947905272245407, 0.1816563457250595], "accuracy": [0.6678612232208252, 0.7693162560462952, 0.8111382126808167, 0.8402379751205444, 0.853927731513977, 0.8684059381484985, 0.8809847831726074, 0.8877580165863037, 0.8952121734619141, 0.9036697149276733, 0.907826840877533, 0.9119480848312378, 0.9176104068756104, 0.9220183491706848, 0.9233801364898682, 0.9282898306846619], "precision": [0.6772785186767578, 0.7732325792312622, 0.8115661144256592, 0.8409009575843811, 0.8519732356071472, 0.8683626055717468, 0.8824162483215332, 0.888052761554718, 0.8963170051574707, 0.9033781886100769, 0.9085370302200317, 0.9127719402313232, 0.92082279920578, 0.9250866174697876, 0.9249352812767029, 0.9315444231033325], "recall": [0.643751323223114, 0.7624301314353943, 0.8101692199707031, 0.839576005935669, 0.8568562865257263, 0.8684870600700378, 0.8797024488449097, 0.8875438570976257, 0.8943943977355957, 0.9041547179222107, 0.9072363972663879, 0.9110060334205627, 0.9138968586921692, 0.9184579849243164, 0.9216220378875732, 0.9246742129325867], "val_loss": [0.7448226809501648, 0.7575703859329224, 0.7633475065231323, 0.5517008304595947, 0.6701847314834595, 0.5122787952423096, 0.483566015958786, 0.5304075479507446, 0.5368907451629639, 0.4758894443511963, 0.521255612373352, 0.639026939868927, 0.7017102837562561, 0.7256127595901489, 0.49201226234436035, 0.7083615064620972], "val_accuracy": [0.5640060305595398, 0.6435742974281311, 0.6794678568840027, 0.7355672717094421, 0.6616466045379639, 0.7594126462936401, 0.7751004099845886, 0.7434738874435425, 0.7576556205749512, 0.7773594260215759, 0.7730923891067505, 0.7192519903182983, 0.7011797428131104, 0.7087098360061646, 0.7816265225410461, 0.750125527381897], "val_precision": [0.7819548845291138, 0.7785888314247131, 0.6267856955528259, 0.7100270986557007, 0.8764705657958984, 0.7609743475914001, 0.7872008085250854, 0.7715750336647034, 0.7479853630065918, 0.791732907295227, 0.7764022350311279, 0.8733905553817749, 0.8940298557281494, 0.8703374862670898, 0.8228391408920288, 0.8726648688316345], "val_recall": [0.18204550445079803, 0.40150564908981323, 0.8832410573959351, 0.7925384640693665, 0.37474849820137024, 0.7546552419662476, 0.7565000057220459, 0.6856492161750793, 0.7730944156646729, 0.7515090703964233, 0.7690190076828003, 0.511692225933075, 0.453215628862381, 0.4913512170314789, 0.7194694876670837, 0.5800811052322388], "name": "sequential_1", "test_loss": [0.47275856137275696], "test_accuracy": [0.7895665168762207], "test_precision": [0.803296685218811], "test_recall": [0.7539969086647034], "epochs": 15}