{"loss": [0.5966262221336365, 0.4674658477306366, 0.4078206717967987, 0.35761702060699463, 0.31772857904434204, 0.29144132137298584, 0.26458320021629333, 0.24323932826519012, 0.2216273844242096, 0.20922037959098816, 0.19396263360977173, 0.18591125309467316, 0.16979053616523743, 0.16070017218589783, 0.15188448131084442], "accuracy": [0.677429735660553, 0.7790997624397278, 0.8151161074638367, 0.8413488864898682, 0.86320960521698, 0.873458981513977, 0.8870770931243896, 0.8953913450241089, 0.904637336730957, 0.9125931859016418, 0.9189004898071289, 0.9242761135101318, 0.9307984709739685, 0.9346688389778137, 0.9372850060462952], "precision": [0.6809360980987549, 0.7866578698158264, 0.8208673000335693, 0.8470176458358765, 0.8656189441680908, 0.8729760646820068, 0.8886332511901855, 0.8972164392471313, 0.9058595299720764, 0.9157286882400513, 0.9198102951049805, 0.9257475733757019, 0.9329009056091309, 0.9359241724014282, 0.9390173554420471], "recall": [0.6701716780662537, 0.7669576406478882, 0.8070677518844604, 0.8329867124557495, 0.860100269317627, 0.8739152550697327, 0.8852599859237671, 0.8932970762252808, 0.9033297300338745, 0.9089736938476562, 0.9177659749984741, 0.9226305484771729, 0.9282845854759216, 0.9333094358444214, 0.9355230927467346], "val_loss": [0.6340475082397461, 0.6381819844245911, 0.5468198657035828, 0.5932755470275879, 0.5298249125480652, 0.49974945187568665, 0.6352331638336182, 0.5201072692871094, 0.4671136438846588, 0.4671914577484131, 0.5082447528839111, 0.473566472530365, 0.5286722779273987, 0.54571133852005, 0.5087288022041321], "val_accuracy": [0.6518574357032776, 0.6974146366119385, 0.7316766977310181, 0.7046937942504883, 0.7511295080184937, 0.7635542154312134, 0.733559250831604, 0.7719628810882568, 0.7939257025718689, 0.7944276928901672, 0.7778614163398743, 0.7916666865348816, 0.7931727170944214, 0.7929216623306274, 0.7969377636909485], "val_precision": [0.6276819705963135, 0.6594616770744324, 0.7854938507080078, 0.8897939920425415, 0.8650127649307251, 0.8398324251174927, 0.8872026205062866, 0.8487664461135864, 0.8062896132469177, 0.7845410704612732, 0.8099266886711121, 0.8052356243133545, 0.8575376272201538, 0.7512352466583252, 0.8234490156173706], "val_recall": [0.7482447624206543, 0.8135849237442017, 0.6381645202636719, 0.46658292412757874, 0.5951305031776428, 0.6526421308517456, 0.5392670035362244, 0.6632448434829712, 0.7704545259475708, 0.8132198452949524, 0.7237903475761414, 0.7705410718917847, 0.7022881507873535, 0.8766608238220215, 0.7560853362083435], "name": "sequential_1", "test_loss": [0.4743913412094116], "test_accuracy": [0.8026713728904724], "test_precision": [0.8164041042327881], "test_recall": [0.771560549736023], "epochs": 14}