{"loss": [0.6055406332015991, 0.50789874792099, 0.4418323338031769, 0.3939642012119293, 0.3548601567745209, 0.32979661226272583, 0.30739638209342957, 0.2847895920276642, 0.2690436542034149, 0.25135865807533264, 0.23760581016540527, 0.22381360828876495, 0.21911272406578064, 0.2026606798171997, 0.20159782469272614, 0.1920357644557953, 0.18451718986034393, 0.1774933636188507, 0.1710927039384842, 0.17092494666576385, 0.16311994194984436, 0.16636116802692413, 0.15611237287521362], "accuracy": [0.6684704422950745, 0.7532253265380859, 0.7938288450241089, 0.821960985660553, 0.8410621881484985, 0.853856086730957, 0.8647505640983582, 0.8776519298553467, 0.8864320516586304, 0.8948895931243896, 0.8999426364898682, 0.9051749110221863, 0.9087944626808167, 0.9164636135101318, 0.9183987975120544, 0.9224483966827393, 0.9259604215621948, 0.9302967190742493, 0.9305117726325989, 0.931945264339447, 0.9341313242912292, 0.9347763657569885, 0.9386109709739685], "precision": [0.6739098429679871, 0.7619471549987793, 0.8034264445304871, 0.8267980813980103, 0.8471282124519348, 0.8602978587150574, 0.8693239688873291, 0.8774836659431458, 0.8864923119544983, 0.8968340158462524, 0.9036214351654053, 0.9088485240936279, 0.9117242097854614, 0.9192681908607483, 0.9212672114372253, 0.9240596890449524, 0.9289031028747559, 0.9316307306289673, 0.9326004385948181, 0.9358037114143372, 0.93796706199646, 0.9367820024490356, 0.9412830471992493], "recall": [0.6518183946609497, 0.7362684607505798, 0.7759712338447571, 0.8134923577308655, 0.8328800201416016, 0.8460384607315063, 0.8571839928627014, 0.8776096105575562, 0.8864287734031677, 0.8913450241088867, 0.8947898149490356, 0.9013148546218872, 0.9047139883041382, 0.912182092666626, 0.9149942398071289, 0.9208869934082031, 0.9218142628669739, 0.9279383420944214, 0.9283977150917053, 0.9274135828018188, 0.9293364882469177, 0.9320681691169739, 0.9349798560142517], "val_loss": [0.5972681045532227, 0.5655326843261719, 0.5690489411354065, 0.4707334339618683, 0.5262728333473206, 0.47654053568840027, 0.432135671377182, 0.5248719453811646, 0.4077945649623871, 0.4380009174346924, 0.3854256272315979, 0.4007635712623596, 0.41997280716896057, 0.43701204657554626, 0.3780723810195923, 0.4359137713909149, 0.36393609642982483, 0.4240095317363739, 0.4236372411251068, 0.42579779028892517, 0.40323567390441895, 0.3997505009174347, 0.4142671525478363], "val_accuracy": [0.6813504099845886, 0.7119728922843933, 0.7198795080184937, 0.7842620611190796, 0.7463604211807251, 0.7651857137680054, 0.8030873537063599, 0.7673192620277405, 0.8148845434188843, 0.7984437942504883, 0.8334588408470154, 0.8225401639938354, 0.8196536302566528, 0.8275602459907532, 0.8414909839630127, 0.8309487700462341, 0.8492720723152161, 0.827309250831604, 0.8359688520431519, 0.8291917443275452, 0.8352158665657043, 0.8376004099845886, 0.829066276550293], "val_precision": [0.7728126049041748, 0.8219855427742004, 0.8588379621505737, 0.7978556752204895, 0.882535994052887, 0.8455497622489929, 0.7954769134521484, 0.9209173321723938, 0.8408294916152954, 0.8814814686775208, 0.8309298753738403, 0.8918509483337402, 0.8681699633598328, 0.8766725063323975, 0.875069260597229, 0.8002290725708008, 0.8513001799583435, 0.8336744904518127, 0.856048583984375, 0.8578404784202576, 0.8625169396400452, 0.8757014870643616, 0.896072506904602], "val_recall": [0.515531063079834, 0.5418756008148193, 0.5265930891036987, 0.7633224725723267, 0.5689568519592285, 0.6487572193145752, 0.8144978880882263, 0.584735095500946, 0.7793310284614563, 0.6885534524917603, 0.8378039598464966, 0.7358160614967346, 0.7537650465965271, 0.760343074798584, 0.7955175042152405, 0.8802923560142517, 0.8463855385780334, 0.8177710771560669, 0.8096427917480469, 0.7906976938247681, 0.7983466982841492, 0.7857502698898315, 0.7444779276847839], "name": "sequential_1", "test_loss": [0.34493812918663025], "test_accuracy": [0.8581148982048035], "test_precision": [0.8594956398010254], "test_recall": [0.8520408272743225], "epochs": 22}