{"loss": [0.5938426852226257, 0.48223936557769775, 0.4231609106063843, 0.37910377979278564, 0.3391045331954956, 0.3134862184524536, 0.2931680381298065, 0.2712283432483673, 0.2540099024772644, 0.2371714562177658, 0.22348856925964355, 0.21501252055168152, 0.1996622234582901, 0.19523195922374725, 0.18857909739017487, 0.17415690422058105, 0.17183567583560944, 0.16738897562026978, 0.16566067934036255, 0.15322883427143097, 0.15389125049114227, 0.14678846299648285, 0.13983221352100372, 0.138261616230011], "accuracy": [0.6790782809257507, 0.7674885392189026, 0.80475914478302, 0.8277666568756104, 0.849304735660553, 0.861704409122467, 0.8724914193153381, 0.8847476840019226, 0.8908041715621948, 0.8981508016586304, 0.9068950414657593, 0.9099770784378052, 0.91793292760849, 0.9189363718032837, 0.9230576157569885, 0.9290782809257507, 0.9308342933654785, 0.9316585659980774, 0.9338804483413696, 0.9396502375602722, 0.9392560124397278, 0.9415495991706848, 0.9447391033172607, 0.9457783699035645], "precision": [0.6847005486488342, 0.7790088057518005, 0.8113179802894592, 0.8325631618499756, 0.8522103428840637, 0.864723801612854, 0.8775317668914795, 0.8894771337509155, 0.8949546217918396, 0.900057852268219, 0.910998523235321, 0.9129869937896729, 0.9227868914604187, 0.9259474277496338, 0.9275624752044678, 0.932494044303894, 0.9349287748336792, 0.9361040592193604, 0.9384437799453735, 0.9438867568969727, 0.9425644278526306, 0.9447011351585388, 0.9506378769874573, 0.9485043883323669], "recall": [0.6674289107322693, 0.7463778257369995, 0.7950626015663147, 0.8225852251052856, 0.8453105688095093, 0.8568350076675415, 0.8659645915031433, 0.8787705302238464, 0.8851234912872314, 0.8950093388557434, 0.9019916653633118, 0.9064469933509827, 0.9122052788734436, 0.9112603664398193, 0.9177895784378052, 0.9249318242073059, 0.9262230396270752, 0.9267926216125488, 0.9289801120758057, 0.9351076483726501, 0.9356109499931335, 0.9379972815513611, 0.9383943676948547, 0.9422938823699951], "val_loss": [0.6244867444038391, 0.5398581624031067, 0.5194399356842041, 0.488231897354126, 0.4676712453365326, 0.4794040024280548, 0.4368879497051239, 0.630937397480011, 0.6126440763473511, 0.43687954545021057, 0.450847864151001, 0.42009198665618896, 0.6432433724403381, 0.42421796917915344, 0.4498726725578308, 0.4523237943649292, 0.45225852727890015, 0.4158213138580322, 0.45977145433425903, 0.5719178318977356, 0.4210706353187561, 0.4601189196109772, 0.5799831748008728, 0.4847944676876068], "val_accuracy": [0.6720632314682007, 0.7405873537063599, 0.7492470145225525, 0.7580321431159973, 0.7896586060523987, 0.8044678568840027, 0.7970632314682007, 0.7284136414527893, 0.7323042154312134, 0.8030873537063599, 0.8106174468994141, 0.8190261125564575, 0.7463604211807251, 0.8106174468994141, 0.8136295080184937, 0.8103664517402649, 0.8187751173973083, 0.8099899888038635, 0.8175200819969177, 0.7927961945533752, 0.836345374584198, 0.8285642862319946, 0.8265562057495117, 0.8339608311653137], "val_precision": [0.6873812675476074, 0.7959372401237488, 0.7387081384658813, 0.8263511061668396, 0.7787335515022278, 0.8061275482177734, 0.8464474678039551, 0.9248473644256592, 0.6625874042510986, 0.8527769446372986, 0.8713606595993042, 0.8733137845993042, 0.9190334677696228, 0.8598781824111938, 0.8642047047615051, 0.8634902238845825, 0.8091640472412109, 0.8725786805152893, 0.8347964882850647, 0.9176512956619263, 0.8509072065353394, 0.8253694772720337, 0.8819220662117004, 0.8439440727233887], "val_recall": [0.6342012882232666, 0.6481202840805054, 0.7674066424369812, 0.6510456204414368, 0.8129209280014038, 0.8033033013343811, 0.7249183058738708, 0.4955952763557434, 0.9491610527038574, 0.7309823632240295, 0.7316039204597473, 0.7467402219772339, 0.5422711372375488, 0.7428571581840515, 0.7448621392250061, 0.7388694286346436, 0.8339613080024719, 0.725100576877594, 0.7902291417121887, 0.6433233022689819, 0.8144978880882263, 0.836077868938446, 0.7545750737190247, 0.8191409111022949], "name": "sequential_1", "test_loss": [0.37114235758781433], "test_accuracy": [0.8334173560142517], "test_precision": [0.8980929851531982], "test_recall": [0.7546319365501404], "epochs": 23}