{"loss": [0.6041094064712524, 0.4934919774532318, 0.4272269606590271, 0.3801010251045227, 0.348294734954834, 0.3137054145336151, 0.2929397225379944, 0.27815333008766174, 0.25507456064224243, 0.24009110033512115, 0.23017050325870514, 0.21437273919582367, 0.2060682475566864, 0.19449418783187866, 0.18816936016082764, 0.18318548798561096, 0.16933274269104004, 0.16971726715564728, 0.16787566244602203], "accuracy": [0.6691513657569885, 0.7587084174156189, 0.7989894151687622, 0.8256164193153381, 0.8451834917068481, 0.861632764339447, 0.8738890290260315, 0.8810923099517822, 0.8924168348312378, 0.8976491093635559, 0.9025946259498596, 0.9109446406364441, 0.9149225950241089, 0.9190797209739685, 0.9232367873191833, 0.9250645041465759, 0.9332712292671204, 0.9322677850723267, 0.9324111342430115], "precision": [0.6755287647247314, 0.7678412199020386, 0.8037281632423401, 0.8319842219352722, 0.8477696180343628, 0.8675405383110046, 0.8767744898796082, 0.8852102160453796, 0.8937950730323792, 0.8984118103981018, 0.9046730399131775, 0.9133102297782898, 0.9175057411193848, 0.9210904836654663, 0.9258618354797363, 0.9268957376480103, 0.9344508647918701, 0.9365079402923584, 0.9360582232475281], "recall": [0.6504374146461487, 0.7410144209861755, 0.7924056053161621, 0.8166201710700989, 0.8415735363960266, 0.8549711108207703, 0.870563805103302, 0.8752961158752441, 0.8900704383850098, 0.8973845839500427, 0.9006646275520325, 0.9078711271286011, 0.9122568368911743, 0.9168695211410522, 0.9201548099517822, 0.9233847856521606, 0.9323136210441589, 0.9278056025505066, 0.9285612106323242], "val_loss": [0.6484347581863403, 0.5545670390129089, 0.5107100605964661, 0.5123106837272644, 0.47366663813591003, 0.46877041459083557, 0.4292985200881958, 0.47986671328544617, 0.4302038252353668, 0.38440680503845215, 0.3992740511894226, 0.41092583537101746, 0.38287827372550964, 0.400745689868927, 0.5255772471427917, 0.41756874322891235, 0.4161369204521179, 0.4068536162376404, 0.413638710975647], "val_accuracy": [0.6634036302566528, 0.7156124711036682, 0.7626757025718689, 0.768197774887085, 0.7871485948562622, 0.7783634662628174, 0.7970632314682007, 0.7710843086242676, 0.7930471897125244, 0.8270582556724548, 0.8222891688346863, 0.8239206671714783, 0.8253012299537659, 0.8205321431159973, 0.7911646366119385, 0.8148845434188843, 0.8167670965194702, 0.8240461945533752, 0.828940749168396], "val_precision": [0.6718167066574097, 0.7312348484992981, 0.7385175228118896, 0.7747747898101807, 0.7857676148414612, 0.8670654892921448, 0.8178657293319702, 0.9166991114616394, 0.7559850811958313, 0.8137466907501221, 0.8572627902030945, 0.800000011920929, 0.8938294053077698, 0.8787429332733154, 0.7338725924491882, 0.8458998203277588, 0.7709317207336426, 0.8592922687530518, 0.8438406586647034], "val_recall": [0.6349446177482605, 0.6820577383041382, 0.8142391443252563, 0.755901575088501, 0.7908840179443359, 0.6563522219657898, 0.7656484842300415, 0.5939470529556274, 0.864824116230011, 0.8488342761993408, 0.771730899810791, 0.8633165955543518, 0.7394894957542419, 0.7437891960144043, 0.9124968647956848, 0.7706192135810852, 0.9013554453849792, 0.7746797204017639, 0.8057934641838074], "name": "sequential_1", "test_loss": [0.3603672385215759], "test_accuracy": [0.8382056355476379], "test_precision": [0.9065533876419067], "test_recall": [0.7537840604782104], "epochs": 18}