{"loss": [0.9331461191177368, 0.5393452644348145, 0.443745881319046, 0.3709874153137207, 0.3238905370235443, 0.28510046005249023, 0.2498217523097992, 0.22814533114433289, 0.19848398864269257, 0.18098196387290955, 0.16571468114852905, 0.150786355137825, 0.13382752239704132, 0.12049330770969391, 0.10584378987550735, 0.09275944530963898, 0.09481700509786606, 0.08191318064928055, 0.07872369140386581, 0.06830013543367386, 0.06431354582309723], "accuracy": [0.5991255640983582, 0.7295728325843811, 0.7976633906364441, 0.8355791568756104, 0.8623136281967163, 0.8794438242912292, 0.8984375, 0.9081135392189026, 0.9207999110221863, 0.9277523159980774, 0.9339162707328796, 0.9386467933654785, 0.9472476840019226, 0.9536266922950745, 0.95699542760849, 0.9639478325843811, 0.96480792760849, 0.9679616093635559, 0.9685350060462952, 0.974268913269043, 0.9746989607810974], "precision": [0.6430789232254028, 0.7435390949249268, 0.8118125796318054, 0.8444280624389648, 0.8701831698417664, 0.8837512731552124, 0.9021486639976501, 0.9075136184692383, 0.918393611907959, 0.9262871146202087, 0.9325987696647644, 0.9387931227684021, 0.9468252658843994, 0.9524831771850586, 0.9561052322387695, 0.9633988738059998, 0.9652498364448547, 0.9666714072227478, 0.9703127145767212, 0.9740539193153381, 0.9748309850692749], "recall": [0.6223084330558777, 0.7010176181793213, 0.7739155292510986, 0.821864664554596, 0.8515916466712952, 0.8738712668418884, 0.8932011127471924, 0.9085558652877808, 0.923275887966156, 0.9289515614509583, 0.9352755546569824, 0.9382538795471191, 0.9476402401924133, 0.9548063278198242, 0.958022952079773, 0.9643678069114685, 0.9642806053161621, 0.9693058133125305, 0.9665518403053284, 0.9744729399681091, 0.9744105935096741], "val_loss": [0.6419269442558289, 0.7597365379333496, 0.7611727118492126, 0.5411859154701233, 0.36840489506721497, 0.3764421343803406, 0.3199826180934906, 0.3119521737098694, 0.34127673506736755, 0.3141869306564331, 0.2983611524105072, 0.44523367285728455, 0.5053513646125793, 0.288799911737442, 0.2608531415462494, 0.37271252274513245, 0.6457544565200806, 0.29659581184387207, 0.3899596631526947, 0.2752486765384674, 0.36476120352745056], "val_accuracy": [0.6149193644523621, 0.6237398982048035, 0.6587701439857483, 0.7197580933570862, 0.8465221524238586, 0.8331653475761414, 0.8566028475761414, 0.8712197542190552, 0.8515625, 0.8641632795333862, 0.8815523982048035, 0.8329132795333862, 0.8061996102333069, 0.8858367204666138, 0.8923891186714172, 0.8800403475761414, 0.8041834831237793, 0.8881048560142517, 0.8646673560142517, 0.8994455933570862, 0.8644153475761414], "val_precision": [0.6147959232330322, 0.5754514932632446, 0.5977756977081299, 0.9628844261169434, 0.8361445665359497, 0.76425701379776, 0.958742618560791, 0.9102990031242371, 0.7916843295097351, 0.8347746729850769, 0.9148700833320618, 0.9599999785423279, 0.7339938879013062, 0.8669569492340088, 0.9543026685714722, 0.8362369537353516, 0.9738923907279968, 0.9355742335319519, 0.8171557784080505, 0.9445387721061707, 0.9029725193977356], "val_recall": [0.609201192855835, 0.9466263651847839, 0.9738298654556274, 0.45743072032928467, 0.8657684922218323, 0.9620829224586487, 0.7431471943855286, 0.8248870968818665, 0.9501018524169922, 0.9124377965927124, 0.8396753072738647, 0.6930091381072998, 0.9644466638565063, 0.9096446633338928, 0.8212461471557617, 0.9504950642585754, 0.6232911348342896, 0.8354176878929138, 0.9320288300514221, 0.8472081422805786, 0.8151898980140686], "name": "VGGNetLike_iteration_0", "test_loss": [0.22598139941692352], "test_accuracy": [0.90625], "test_precision": [0.9604191184043884], "test_recall": [0.8444216847419739]}