{"loss": [0.8572728633880615, 0.5056631565093994, 0.44445112347602844, 0.3918442726135254, 0.3465638756752014, 0.31040388345718384, 0.26901453733444214, 0.23885726928710938, 0.212363600730896, 0.19033563137054443, 0.17056548595428467, 0.15678349137306213, 0.1367298662662506, 0.1229260265827179, 0.1127399131655693, 0.10548802465200424, 0.09071957319974899, 0.08749770373106003, 0.07890745252370834, 0.07226315885782242, 0.07010558992624283, 0.06923076510429382, 0.0534881055355072], "accuracy": [0.6462156176567078, 0.7551605701446533, 0.7902809381484985, 0.8237528800964355, 0.8452551364898682, 0.8646789193153381, 0.8868262767791748, 0.896860659122467, 0.9125573635101318, 0.9194380640983582, 0.9276089668273926, 0.9342746734619141, 0.9458858966827393, 0.9519782066345215, 0.955490231513977, 0.9577838182449341, 0.9639478325843811, 0.9665281176567078, 0.9700401425361633, 0.9728354215621948, 0.9738388657569885, 0.9724053740501404, 0.9797878265380859], "precision": [0.7001141905784607, 0.7686612010002136, 0.7996158003807068, 0.8305608630180359, 0.850852906703949, 0.8680151104927063, 0.8886964321136475, 0.8968673944473267, 0.9120357036590576, 0.9198045134544373, 0.9270146489143372, 0.9337539672851562, 0.9487773180007935, 0.9536260962486267, 0.9564213752746582, 0.9600057601928711, 0.9657504558563232, 0.9682996869087219, 0.971514880657196, 0.9736576676368713, 0.9758983850479126, 0.972906768321991, 0.981104850769043], "recall": [0.6188493371009827, 0.7296327948570251, 0.7751038670539856, 0.8117985725402832, 0.8370625376701355, 0.8587676286697388, 0.8839747309684753, 0.8972524404525757, 0.9122983813285828, 0.9187481999397278, 0.9280792474746704, 0.9346921443939209, 0.9423685073852539, 0.9497841596603394, 0.9540808796882629, 0.9554696679115295, 0.9620125889778137, 0.9645471572875977, 0.9684497117996216, 0.9718390703201294, 0.9715517163276672, 0.9716464877128601, 0.9782827496528625], "val_loss": [0.5973449349403381, 0.6644415855407715, 0.5006729364395142, 0.9660235643386841, 0.5250555276870728, 0.6097120046615601, 0.4361972510814667, 0.3582803010940552, 0.30273211002349854, 0.30653807520866394, 0.27667349576950073, 0.2858438193798065, 0.27767518162727356, 0.28281617164611816, 0.3135784864425659, 0.3537956774234772, 0.25630277395248413, 0.3493230640888214, 0.27137070894241333, 0.4795962870121002, 0.3880104720592499, 0.29638439416885376, 0.35083431005477905], "val_accuracy": [0.6625503897666931, 0.6449092626571655, 0.7686492204666138, 0.6927923560142517, 0.7447076439857483, 0.6791834831237793, 0.8014112710952759, 0.8455141186714172, 0.8747479915618896, 0.8684476017951965, 0.8744959831237793, 0.8855846524238586, 0.8843246102333069, 0.8775201439857483, 0.8765121102333069, 0.8659273982048035, 0.8951612710952759, 0.8916330933570862, 0.8926411271095276, 0.8382056355476379, 0.8767641186714172, 0.9027217626571655, 0.8639112710952759], "val_precision": [0.8258706331253052, 0.632788360118866, 0.878830075263977, 0.8164291977882385, 0.8518518805503845, 0.9375, 0.7943331599235535, 0.8004415035247803, 0.8373983502388, 0.8516746163368225, 0.8831368684768677, 0.8702471256256104, 0.8814406991004944, 0.8955461382865906, 0.8419383764266968, 0.8175086975097656, 0.9188172221183777, 0.8676677346229553, 0.880836546421051, 0.7864978909492493, 0.833407998085022, 0.9036144614219666, 0.9169530272483826], "val_recall": [0.41624873876571655, 0.7124378085136414, 0.6291126608848572, 0.49341437220573425, 0.5918264389038086, 0.3850025236606598, 0.8158555030822754, 0.9184397459030151, 0.9311903715133667, 0.8935742974281311, 0.8645258545875549, 0.9100397825241089, 0.8881048560142517, 0.8538928031921387, 0.9294999837875366, 0.94321608543396, 0.8657547831535339, 0.9258888363838196, 0.9091365337371826, 0.9319999814033508, 0.9408493638038635, 0.902708113193512, 0.8021042346954346], "name": "VGGNetLike_iteration_1", "test_loss": [0.21136948466300964], "test_accuracy": [0.9092742204666138], "test_precision": [0.932372510433197], "test_recall": [0.8760416507720947]}