{"loss": [1.7956150770187378, 0.6160215139389038, 0.5199073553085327, 0.4612455666065216, 0.42060956358909607, 0.3771584928035736, 0.3399586081504822, 0.31651604175567627, 0.2788585126399994, 0.2537725865840912, 0.22706380486488342, 0.21068072319030762, 0.19397227466106415, 0.17305883765220642, 0.16121795773506165, 0.14840218424797058, 0.1393551230430603, 0.12797734141349792, 0.11973165720701218], "accuracy": [0.5618549585342407, 0.6685779690742493, 0.7440510392189026, 0.7844036817550659, 0.8061209917068481, 0.8356508016586304, 0.8529959917068481, 0.8658257126808167, 0.8838159441947937, 0.8972190618515015, 0.9071100950241089, 0.9142774939537048, 0.9238818883895874, 0.9311926364898682, 0.9369983077049255, 0.9425172209739685, 0.9466742873191833, 0.9500430226325989, 0.9557052850723267], "precision": [0.5549361109733582, 0.6793236136436462, 0.7531979084014893, 0.7921464443206787, 0.8115214109420776, 0.8386955261230469, 0.8571428656578064, 0.8674242496490479, 0.8852932453155518, 0.8988129496574402, 0.9081277251243591, 0.9132118821144104, 0.9247653484344482, 0.9295065402984619, 0.9366724491119385, 0.9412607550621033, 0.946845293045044, 0.9476245045661926, 0.9555363059043884], "recall": [0.5896546840667725, 0.635187566280365, 0.72159743309021, 0.7703129649162292, 0.7935866117477417, 0.8281588554382324, 0.8438720703125, 0.8609022498130798, 0.8810927271842957, 0.8941532373428345, 0.9041907787322998, 0.9150496125221252, 0.9221022129058838, 0.9321886897087097, 0.9368072748184204, 0.9436943531036377, 0.9460276365280151, 0.9523946642875671, 0.9552605152130127], "val_loss": [0.6473002433776855, 0.5947769284248352, 0.5338314175605774, 0.4780462384223938, 0.7265568375587463, 0.6404658555984497, 0.4994867146015167, 0.4026191830635071, 0.36109039187431335, 0.5262020826339722, 0.5897458791732788, 0.30718064308166504, 0.2678917348384857, 0.4106613099575043, 0.2702442705631256, 0.39496922492980957, 0.27600571513175964, 0.366055428981781, 0.30025994777679443], "val_accuracy": [0.6169354915618896, 0.6799395084381104, 0.7494959831237793, 0.7789818644523621, 0.6368447542190552, 0.6532257795333862, 0.7605846524238586, 0.8200604915618896, 0.8359375, 0.7678931355476379, 0.7555443644523621, 0.8707157373428345, 0.8863407373428345, 0.8303931355476379, 0.8838205933570862, 0.84375, 0.8886088728904724, 0.8823084831237793, 0.8933971524238586], "val_precision": [0.613152801990509, 0.7814930081367493, 0.8120721578598022, 0.8639947175979614, 0.876358687877655, 0.9554896354675293, 0.7008416056632996, 0.7724372744560242, 0.908378541469574, 0.9694322943687439, 0.6780238747596741, 0.8846352696418762, 0.9330332279205322, 0.8553493618965149, 0.8876574039459229, 0.9606666564941406, 0.8521856665611267, 0.8326029777526855, 0.9450736045837402], "val_recall": [0.6378269791603088, 0.5040120482444763, 0.6534802317619324, 0.6624684929847717, 0.3233082592487335, 0.323618084192276, 0.9160000085830688, 0.9102756977081299, 0.7512462735176086, 0.5561122298240662, 0.9875930547714233, 0.8550000190734863, 0.8331658244132996, 0.7934176921844482, 0.8809999823570251, 0.7197802066802979, 0.9431421160697937, 0.9571788311004639, 0.8365914821624756], "name": "VGGNetLike_iteration_2", "test_loss": [0.24974825978279114], "test_accuracy": [0.8941532373428345], "test_precision": [0.9473081231117249], "test_recall": [0.8345106244087219]}