{"loss": [0.9582920670509338, 0.530957043170929, 0.4423364996910095, 0.3828027844429016, 0.32944709062576294, 0.2904779613018036, 0.25858011841773987, 0.2298843115568161, 0.20401372015476227, 0.18875862658023834, 0.1577254980802536, 0.15257194638252258, 0.13797131180763245, 0.1264677792787552, 0.11087189614772797, 0.09959868341684341, 0.09520132839679718, 0.09198988229036331, 0.07849442213773727, 0.07569278031587601, 0.06908609718084335, 0.06583665311336517, 0.0599311925470829, 0.06099256873130798, 0.04639206454157829], "accuracy": [0.6069380640983582, 0.7353784441947937, 0.7970899939537048, 0.829701840877533, 0.8586582541465759, 0.8763617873191833, 0.8928468823432922, 0.9050315618515015, 0.9144925475120544, 0.9230217933654785, 0.9377866983413696, 0.939076840877533, 0.9444524049758911, 0.9485378265380859, 0.9562069773674011, 0.9601491093635559, 0.9630877375602722, 0.9628010392189026, 0.9683916568756104, 0.9711869359016418, 0.9728354215621948, 0.9754874110221863, 0.9775659441947937, 0.9772075414657593, 0.9835149049758911], "precision": [0.6349478960037231, 0.7388432025909424, 0.8031495809555054, 0.8356444239616394, 0.8595529794692993, 0.880081295967102, 0.8944782018661499, 0.9036368727684021, 0.9176877737045288, 0.9247373938560486, 0.9380224943161011, 0.9383354783058167, 0.9424419403076172, 0.948813796043396, 0.9562849402427673, 0.9595118165016174, 0.9629365801811218, 0.960274338722229, 0.9669811129570007, 0.9684780836105347, 0.9715917110443115, 0.9749570488929749, 0.9771101474761963, 0.9772467017173767, 0.9819999933242798], "recall": [0.6515666246414185, 0.7245897054672241, 0.7880955934524536, 0.8207885026931763, 0.85658860206604, 0.8708518743515015, 0.8899755477905273, 0.9063621759414673, 0.910990297794342, 0.9210262298583984, 0.9369421005249023, 0.9394157528877258, 0.9468938112258911, 0.9479959607124329, 0.9561479091644287, 0.9606152176856995, 0.9636234045028687, 0.9653785228729248, 0.9698925018310547, 0.9740352630615234, 0.9742341637611389, 0.9760745167732239, 0.9780896306037903, 0.9772467017173767, 0.9850960373878479], "val_loss": [0.7321115136146545, 0.49712562561035156, 0.46978333592414856, 1.488487720489502, 0.5932576656341553, 0.8149943947792053, 0.5907868146896362, 0.32802507281303406, 0.2712205946445465, 0.42610180377960205, 0.3671143651008606, 0.3260950446128845, 0.37079936265945435, 0.25478994846343994, 0.3874041736125946, 0.2700977027416229, 0.40391212701797485, 0.25533974170684814, 0.22795318067073822, 0.29853689670562744, 0.32677292823791504, 0.2412223517894745, 0.4591442942619324, 0.2593476474285126, 0.4701377749443054], "val_accuracy": [0.5647681355476379, 0.7628528475761414, 0.7762096524238586, 0.5075604915618896, 0.7636088728904724, 0.6529737710952759, 0.7192540168762207, 0.8576108813285828, 0.8954132795333862, 0.7890625, 0.8354334831237793, 0.8591229915618896, 0.8543346524238586, 0.8996976017951965, 0.8341733813285828, 0.8931451439857483, 0.8520665168762207, 0.8949092626571655, 0.9110382795333862, 0.8981854915618896, 0.8717237710952759, 0.9080141186714172, 0.8104838728904724, 0.8996976017951965, 0.8671875], "val_precision": [0.5383518934249878, 0.7598209977149963, 0.7218254208564758, 1.0, 0.9251424074172974, 0.9748822450637817, 0.6458401679992676, 0.9173364043235779, 0.8821532726287842, 0.9569976329803467, 0.7792262434959412, 0.9308062791824341, 0.9630829095840454, 0.907274603843689, 0.9555099010467529, 0.9138932824134827, 0.9482649564743042, 0.9092331528663635, 0.8999999761581421, 0.9422124624252319, 0.9542961716651917, 0.9328358173370361, 0.8261563181877136, 0.9297587275505066, 0.9608338475227356], "val_recall": [0.945891797542572, 0.7693856954574585, 0.9067796468734741, 0.027376804500818253, 0.5733736753463745, 0.3133198916912079, 0.981509268283844, 0.7914809584617615, 0.9136112332344055, 0.6101694703102112, 0.9353861808776855, 0.7769964933395386, 0.7405378222465515, 0.8908450603485107, 0.701860249042511, 0.8689100742340088, 0.7485059499740601, 0.8776435256004333, 0.9257400631904602, 0.8513177633285522, 0.7829999923706055, 0.8798391222953796, 0.7852450609207153, 0.8665667176246643, 0.7658610343933105], "name": "VGGNetLike_iteration_4", "test_loss": [0.17281420528888702], "test_accuracy": [0.9329637289047241], "test_precision": [0.9177277088165283], "test_recall": [0.9503042697906494]}