{"loss": [1.47322678565979, 0.5226902365684509, 0.4514230191707611, 0.39390185475349426, 0.35132303833961487, 0.31148239970207214, 0.2839890122413635, 0.2626643776893616, 0.23504631221294403, 0.21899136900901794, 0.19612865149974823, 0.18745143711566925, 0.16826646029949188, 0.15823976695537567, 0.15006372332572937, 0.13533084094524384], "accuracy": [0.6060063242912292, 0.7451978325843811, 0.790710985660553, 0.8213159441947937, 0.8441800475120544, 0.8656823635101318, 0.8795154690742493, 0.8876146674156189, 0.9008744359016418, 0.9089736342430115, 0.9205848574638367, 0.924240231513977, 0.9332712292671204, 0.9355648159980774, 0.9410837292671204, 0.9487528800964355], "precision": [0.6587671041488647, 0.7611963152885437, 0.8048633933067322, 0.8260113000869751, 0.844102144241333, 0.8658187985420227, 0.8759227991104126, 0.8833357095718384, 0.8997142910957336, 0.9049516320228577, 0.9160749912261963, 0.9209374785423279, 0.930902361869812, 0.9327527284622192, 0.9383852481842041, 0.9455627799034119], "recall": [0.5992523431777954, 0.716695249080658, 0.7679747939109802, 0.8150214552879333, 0.8455493450164795, 0.8663139939308167, 0.8843342661857605, 0.8934555053710938, 0.9024215340614319, 0.9135305881500244, 0.9258036613464355, 0.9292022585868835, 0.9366167187690735, 0.9385145902633667, 0.9448089003562927, 0.9527210593223572], "val_loss": [0.5818192958831787, 0.5294393301010132, 0.8464488387107849, 0.510029137134552, 0.3610496520996094, 0.3618946373462677, 0.4422346353530884, 0.3002447187900543, 0.31522616744041443, 0.28296297788619995, 0.38542792201042175, 0.5998733639717102, 0.5798431038856506, 0.32219499349594116, 0.9208447337150574, 0.4278988540172577], "val_accuracy": [0.6932963728904724, 0.7358871102333069, 0.6643145084381104, 0.7442036271095276, 0.8409778475761414, 0.8414818644523621, 0.78125, 0.8722278475761414, 0.866431474685669, 0.8782762289047241, 0.8291330933570862, 0.6955645084381104, 0.7605846524238586, 0.8752520084381104, 0.7121976017951965, 0.8147681355476379], "val_precision": [0.7007712125778198, 0.8805132508277893, 0.8683035969734192, 0.9333917498588562, 0.8963486552238464, 0.889014720916748, 0.9546191096305847, 0.8478361964225769, 0.9274100065231323, 0.9267605543136597, 0.7645395994186401, 0.972154974937439, 0.9782411456108093, 0.9542994499206543, 0.978865385055542, 0.963514506816864], "val_recall": [0.6821821928024292, 0.5498247146606445, 0.3905622363090515, 0.53143709897995, 0.7698532938957214, 0.7838242650032043, 0.5919597744941711, 0.910089910030365, 0.7977023124694824, 0.8233233094215393, 0.9522132873535156, 0.40392354130744934, 0.5381546020507812, 0.7911266088485718, 0.4393409788608551, 0.6535353660583496], "name": "VGGNetLike_iteration_3", "test_loss": [0.25797200202941895], "test_accuracy": [0.8886088728904724], "test_precision": [0.9265850782394409], "test_recall": [0.8431174159049988]}