{"loss": [0.6719515919685364, 0.5661302804946899, 0.5080750584602356, 0.4494667649269104, 0.4084084928035736, 0.3780812919139862, 0.3484967052936554, 0.31649601459503174, 0.2935866713523865, 0.27949658036231995, 0.2683100998401642, 0.28109806776046753, 0.2375185191631317, 0.20934800803661346, 0.2028052806854248, 0.19752320647239685, 0.19142141938209534, 0.17755049467086792, 0.17264676094055176, 0.21969114243984222, 0.6094448566436768, 0.6932058334350586], "accuracy": [0.6030676364898682, 0.7122276425361633, 0.7550888657569885, 0.7947247624397278, 0.8137184381484985, 0.8340739607810974, 0.8468319773674011, 0.86324542760849, 0.8751433491706848, 0.8809489607810974, 0.8856077790260315, 0.8813790082931519, 0.90230792760849, 0.911768913269043, 0.9184346199035645, 0.9200831651687622, 0.9239535331726074, 0.9289707541465759, 0.9306192398071289, 0.9100487232208252, 0.6080848574638367, 0.4954128563404083], "val_loss": [0.8046476244926453, 0.5383778810501099, 0.5236636400222778, 0.6166800856590271, 0.41956576704978943, 0.38979077339172363, 0.3951258361339569, 0.3637198209762573, 0.44927096366882324, 0.3915782868862152, 0.7198566794395447, 0.39689919352531433, 0.4073903560638428, 0.3562605381011963, 0.418621301651001, 0.3501989245414734, 0.3524758219718933, 0.38173550367355347, 0.3830195367336273, 0.4025343358516693, 0.6932695508003235, 0.693129301071167], "val_accuracy": [0.5234375, 0.7275705933570862, 0.7394153475761414, 0.6938003897666931, 0.8104838728904724, 0.8278729915618896, 0.8215726017951965, 0.8384576439857483, 0.7956148982048035, 0.8412298560142517, 0.7840221524238586, 0.8326612710952759, 0.8394657373428345, 0.8611391186714172, 0.8462701439857483, 0.8689516186714172, 0.8606351017951965, 0.8623992204666138, 0.858618974685669, 0.8495463728904724, 0.49546369910240173, 0.5030242204666138], "name": "ReetaNet_iteration_3", "test_loss": [0.25055378675460815], "test_accuracy": [0.8966733813285828]}