{"loss": [0.6350432634353638, 0.5139977335929871, 0.43238136172294617, 0.361389696598053, 0.32395318150520325, 0.28896838426589966, 0.25132325291633606, 0.22292079031467438, 0.19951719045639038, 0.19076822698116302, 0.16011758148670197, 0.16778616607189178, 0.14960356056690216, 0.126682847738266, 0.1345062404870987, 0.11428465694189072], "accuracy": [0.6495125889778137, 0.7464162707328796, 0.8009604215621948, 0.8383744359016418, 0.8574398159980774, 0.8745699524879456, 0.892918586730957, 0.904673159122467, 0.9161410331726074, 0.9215166568756104, 0.9339879751205444, 0.9303325414657593, 0.9395068883895874, 0.9483228325843811, 0.9467459917068481, 0.9553468823432922], "val_loss": [0.5912875533103943, 0.4956943094730377, 0.37494340538978577, 0.35255101323127747, 0.43500036001205444, 0.38259583711624146, 0.3185008764266968, 0.31977230310440063, 0.3961491286754608, 0.31053754687309265, 0.37216871976852417, 0.3626099228858948, 0.38288360834121704, 0.4511420726776123, 0.3514251708984375, 0.3553875684738159], "val_accuracy": [0.664818525314331, 0.7646169066429138, 0.8324092626571655, 0.8440020084381104, 0.7930947542190552, 0.8314012289047241, 0.8651713728904724, 0.8644153475761414, 0.8208165168762207, 0.8644153475761414, 0.8676915168762207, 0.8603830933570862, 0.8676915168762207, 0.8606351017951965, 0.8722278475761414, 0.8838205933570862], "name": "ReetaNet_iteration_1", "test_loss": [0.2792092561721802], "test_accuracy": [0.882056474685669]}