{"loss": [0.6401888132095337, 0.5123034119606018, 0.44159817695617676, 0.38540393114089966, 0.34279122948646545, 0.3074876666069031, 0.2775416076183319, 0.24521739780902863, 0.3212605118751526, 0.24741129577159882, 0.19882264733314514, 0.1755305975675583, 0.1671050488948822, 0.15540796518325806, 0.15071295201778412, 0.14434626698493958, 0.13669417798519135, 0.13479632139205933, 0.11914630234241486, 0.12216534465551376], "accuracy": [0.6515911817550659, 0.7487815618515015, 0.7970899939537048, 0.8262614607810974, 0.8470470309257507, 0.8652523159980774, 0.8809489607810974, 0.8990825414657593, 0.8488388657569885, 0.8953555226325989, 0.9161410331726074, 0.9309776425361633, 0.9295441508293152, 0.93757164478302, 0.939076840877533, 0.9421588182449341, 0.946889340877533, 0.946960985660553, 0.9516915082931519, 0.9521932601928711], "val_loss": [0.6047511696815491, 0.43673357367515564, 0.4740522503852844, 0.35986074805259705, 0.458663672208786, 0.3807106018066406, 0.3386707603931427, 0.34283676743507385, 0.35866427421569824, 0.45024803280830383, 0.3354255259037018, 0.3949894607067108, 0.32754650712013245, 0.3265380859375, 0.3824814558029175, 0.45382195711135864, 0.40390545129776, 0.35578250885009766, 0.4754393696784973, 0.4039507806301117], "val_accuracy": [0.6582661271095276, 0.7993951439857483, 0.7633568644523621, 0.8440020084381104, 0.7653729915618896, 0.8334173560142517, 0.8639112710952759, 0.860131025314331, 0.8460181355476379, 0.8122479915618896, 0.8621471524238586, 0.8681955933570862, 0.8790322542190552, 0.8782762289047241, 0.8684476017951965, 0.8545867204666138, 0.8729838728904724, 0.8760080933570862, 0.8535786271095276, 0.8689516186714172], "name": "ReetaNet_iteration_2", "test_loss": [0.258127361536026], "test_accuracy": [0.890625]}