{"loss": [0.626241147518158, 0.5072253346443176, 0.42719751596450806, 0.3886657953262329, 0.33868369460105896, 0.30621030926704407, 0.2835524082183838, 0.2641695737838745, 0.23978282511234283, 0.20896673202514648, 0.19672557711601257, 0.17786066234111786, 0.16611339151859283, 0.1554049402475357, 0.1440606266260147, 0.1476660668849945, 0.1393449604511261, 0.12100601196289062], "accuracy": [0.6543864607810974, 0.7557339668273926, 0.8057625889778137, 0.825759768486023, 0.8486955165863037, 0.8681909441947937, 0.876648485660553, 0.8901233077049255, 0.8979358077049255, 0.9089019298553467, 0.9178612232208252, 0.9253153800964355, 0.9327694773674011, 0.9390051364898682, 0.9423738718032837, 0.9418721199035645, 0.9425888657569885, 0.9522649049758911], "val_loss": [0.6302704811096191, 0.7778420448303223, 0.5297837257385254, 0.5401785373687744, 0.5134292840957642, 0.6064490675926208, 0.34178391098976135, 0.4121916592121124, 0.44747161865234375, 0.43389958143234253, 0.3780994415283203, 0.31524303555488586, 0.3868054449558258, 0.41001978516578674, 0.37502503395080566, 0.4395720660686493, 0.3266134560108185, 0.45338767766952515], "val_accuracy": [0.6386088728904724, 0.6829637289047241, 0.7200101017951965, 0.7746976017951965, 0.7774697542190552, 0.7515121102333069, 0.8553427457809448, 0.8198084831237793, 0.8228326439857483, 0.7981351017951965, 0.8361895084381104, 0.8712197542190552, 0.8427419066429138, 0.850806474685669, 0.8719757795333862, 0.8283770084381104, 0.8772681355476379, 0.8140121102333069], "name": "ReetaNet_iteration_4", "test_loss": [0.23616260290145874], "test_accuracy": [0.9022177457809448]}