{"loss": [0.6403709053993225, 0.5398837327957153, 0.47146183252334595, 0.41523662209510803, 0.3680168390274048, 0.32831987738609314, 0.3054969608783722, 0.26959988474845886, 0.24263320863246918, 0.21486204862594604, 0.1987638920545578, 0.18540209531784058, 0.17217695713043213, 0.16073386371135712, 0.14038656651973724, 0.1350650191307068], "accuracy": [0.6466456651687622, 0.73050457239151, 0.7737241983413696, 0.8051175475120544, 0.8347907066345215, 0.8560063242912292, 0.865539014339447, 0.8819524049758911, 0.8962872624397278, 0.9120556116104126, 0.9172161817550659, 0.9232367873191833, 0.9302608966827393, 0.9330561757087708, 0.9439507126808167, 0.9463875889778137], "val_loss": [0.7952316403388977, 0.5339214205741882, 0.4956214427947998, 0.48497235774993896, 0.37765833735466003, 0.6048222184181213, 0.3531007170677185, 0.3565159738063812, 0.33300507068634033, 0.3199995756149292, 0.32491201162338257, 0.436960905790329, 0.3250216841697693, 0.3328199088573456, 0.37061023712158203, 0.3793782591819763], "val_accuracy": [0.5322580933570862, 0.7361391186714172, 0.7646169066429138, 0.7666330933570862, 0.828881025314331, 0.7436996102333069, 0.8487903475761414, 0.8485382795333862, 0.8629032373428345, 0.8644153475761414, 0.8694556355476379, 0.8465221524238586, 0.8828125, 0.8797882795333862, 0.8618951439857483, 0.8603830933570862], "name": "ReetaNet_iteration_0", "test_loss": [0.27139660716056824], "test_accuracy": [0.8845766186714172]}