{"loss": [0.6568887233734131, 0.46143293380737305, 0.37612301111221313, 0.31628555059432983, 0.27951619029045105, 0.2598996162414551, 0.24412760138511658, 0.22331000864505768, 0.2087690681219101, 0.1992504894733429, 0.18585529923439026, 0.17337198555469513, 0.16585582494735718, 0.1574622541666031, 0.15054431557655334, 0.14354391396045685, 0.13872934877872467, 0.1319238543510437, 0.13035304844379425], "accuracy": [0.6618406176567078, 0.7881665825843811, 0.8386969566345215, 0.8699469566345215, 0.8853210806846619, 0.8971473574638367, 0.9047448635101318, 0.9109446406364441, 0.9176104068756104, 0.9207282066345215, 0.927358090877533, 0.9318019151687622, 0.9362456798553467, 0.9373924732208252, 0.9411912560462952, 0.9438073635101318, 0.9457425475120544, 0.9491112232208252, 0.9502580165863037], "precision": [0.6628308296203613, 0.8016522526741028, 0.8464186191558838, 0.8729665279388428, 0.8857654929161072, 0.8975718021392822, 0.9031201004981995, 0.9100257158279419, 0.917077362537384, 0.9201257228851318, 0.9263330698013306, 0.9312638640403748, 0.935002863407135, 0.9368609189987183, 0.9411259293556213, 0.9417842626571655, 0.9443215131759644, 0.9482043385505676, 0.9486117959022522], "recall": [0.6599828004837036, 0.7654905319213867, 0.8278060555458069, 0.8657679557800293, 0.8848771452903748, 0.8969293832778931, 0.9071264863014221, 0.9123058319091797, 0.9185863733291626, 0.9217061400413513, 0.9287861585617065, 0.9325311779975891, 0.9378802180290222, 0.9381354451179504, 0.9413281679153442, 0.9462342262268066, 0.9474325180053711, 0.9501075148582458, 0.9521455764770508], "val_loss": [0.820774257183075, 0.650007426738739, 1.2546255588531494, 0.6741172075271606, 0.5280892848968506, 0.5043382048606873, 0.5312155485153198, 0.4309561252593994, 0.48500627279281616, 0.4801420569419861, 0.4434012174606323, 0.4933718740940094, 0.4128801226615906, 0.4390313923358917, 0.7384017705917358, 0.5465329885482788, 0.419211745262146, 0.4292106032371521, 0.6699249744415283], "val_accuracy": [0.5515813231468201, 0.6645331382751465, 0.5548443794250488, 0.665286123752594, 0.7240210771560669, 0.7769829034805298, 0.724397599697113, 0.8204066157341003, 0.7843875288963318, 0.7385793328285217, 0.7965612411499023, 0.7326807379722595, 0.8136295080184937, 0.8132529854774475, 0.5496987700462341, 0.7059487700462341, 0.7989457845687866, 0.8313252925872803, 0.6705572009086609], "val_precision": [0.5313477516174316, 0.6351492404937744, 0.9606625437736511, 0.9303547739982605, 0.9265967607498169, 0.7493224740028381, 0.889746904373169, 0.8673204779624939, 0.82914137840271, 0.6640316247940063, 0.8270135521888733, 0.9467114806175232, 0.870671808719635, 0.7599666118621826, 0.5259032845497131, 0.962232232093811, 0.7266528010368347, 0.8475019335746765, 0.9580000042915344], "val_recall": [0.893339991569519, 0.7668851017951965, 0.11623246222734451, 0.35604727268218994, 0.48734018206596375, 0.8326223492622375, 0.5168203115463257, 0.7559074759483337, 0.717897355556488, 0.9679358601570129, 0.75, 0.4941117465496063, 0.7373433709144592, 0.9150540232658386, 0.9952237010002136, 0.4285714328289032, 0.9602002501487732, 0.8097975254058838, 0.3593398332595825], "name": "VGGNetLike", "test_loss": [0.4025610387325287], "test_accuracy": [0.8190523982048035], "test_precision": [0.8622478246688843], "test_recall": [0.7574683427810669]}