{"loss": [0.6272261142730713, 0.4671162962913513, 0.3802998661994934, 0.3212236166000366, 0.2830435037612915, 0.2574112117290497, 0.23089872300624847, 0.21111927926540375, 0.19307710230350494, 0.18438559770584106, 0.16876229643821716, 0.16088080406188965, 0.14812669157981873, 0.14002631604671478, 0.13135772943496704, 0.1259172111749649, 0.11670667678117752, 0.1089438945055008, 0.10314742475748062, 0.09942090511322021, 0.0915781706571579, 0.08591429889202118, 0.08579044789075851, 0.08054899424314499, 0.07516410201787949, 0.07332710921764374, 0.06505748629570007, 0.0654599592089653, 0.06333541125059128, 0.05865240469574928, 0.05997080355882645, 0.0572507344186306, 0.04984118789434433], "accuracy": [0.6717316508293152, 0.775766909122467, 0.8256880640983582, 0.8595899939537048, 0.8767201900482178, 0.8904458284378052, 0.9030604958534241, 0.9112313389778137, 0.920333981513977, 0.9230934381484985, 0.9307267665863037, 0.9331995248794556, 0.9411553740501404, 0.9438431859016418, 0.9477852582931519, 0.9484303593635559, 0.9539133906364441, 0.9565295577049255, 0.9600774049758911, 0.9613317251205444, 0.9641987085342407, 0.967208981513977, 0.9670656323432922, 0.9678182601928711, 0.9712585806846619, 0.9714378118515015, 0.974985659122467, 0.9756665825843811, 0.9756307601928711, 0.9786052107810974, 0.97663414478302, 0.9786052107810974, 0.9814363718032837], "precision": [0.6941987872123718, 0.787937581539154, 0.8270860314369202, 0.8603900671005249, 0.8768405914306641, 0.8910791873931885, 0.9021677374839783, 0.9084089398384094, 0.9191702604293823, 0.9241552948951721, 0.9291642904281616, 0.9313145875930786, 0.9387842416763306, 0.9423900842666626, 0.9471951723098755, 0.9473458528518677, 0.9528578519821167, 0.9558508396148682, 0.9601031541824341, 0.9620479941368103, 0.96357661485672, 0.967860221862793, 0.9658052325248718, 0.9673044085502625, 0.969855010509491, 0.9709792733192444, 0.9741811156272888, 0.974682629108429, 0.9753024578094482, 0.977158784866333, 0.9759491682052612, 0.9775553941726685, 0.9816166162490845], "recall": [0.6134652495384216, 0.7555110454559326, 0.824245035648346, 0.85891193151474, 0.8772168159484863, 0.8906339406967163, 0.9046835899353027, 0.9140905737876892, 0.9216094017028809, 0.9217696785926819, 0.9322994947433472, 0.935580849647522, 0.9441544413566589, 0.9455626606941223, 0.9484846591949463, 0.9497206807136536, 0.9550440907478333, 0.957423985004425, 0.9601031541824341, 0.960740864276886, 0.965023934841156, 0.9664010405540466, 0.9685016870498657, 0.9685489535331726, 0.9727734923362732, 0.9720214605331421, 0.9758561253547668, 0.9768422842025757, 0.9760011434555054, 0.9800359010696411, 0.9774839282035828, 0.9797263145446777, 0.9813358187675476], "val_loss": [0.7988676428794861, 0.6788601875305176, 0.7080627679824829, 0.4714162051677704, 0.5400626063346863, 0.4188423752784729, 0.4789128303527832, 0.3433409631252289, 0.3355104625225067, 0.368370920419693, 0.34178438782691956, 0.3279300928115845, 0.4165448844432831, 0.7011601328849792, 0.3681110143661499, 0.35710617899894714, 0.35962581634521484, 0.32452571392059326, 0.31920260190963745, 0.3627547323703766, 0.3227204978466034, 0.6620091199874878, 0.46839460730552673, 0.3162637948989868, 0.48853933811187744, 0.3728083074092865, 0.24923498928546906, 0.3706985116004944, 0.32075464725494385, 0.32407066226005554, 0.30799320340156555, 0.2765718400478363, 0.2823130786418915], "val_accuracy": [0.5566014051437378, 0.6675451993942261, 0.6367971897125244, 0.7727158665657043, 0.7259036302566528, 0.8020833134651184, 0.7699548006057739, 0.8413654565811157, 0.8520331382751465, 0.8299447894096375, 0.8486445546150208, 0.851154625415802, 0.7983182668685913, 0.709588348865509, 0.8286897540092468, 0.8485190868377686, 0.8334588408470154, 0.8512800931930542, 0.8576807379722595, 0.8293172717094421, 0.858433723449707, 0.7275351285934448, 0.7979417443275452, 0.8645833134651184, 0.8010793328285217, 0.8428714871406555, 0.8944528102874756, 0.8422439694404602, 0.8704819083213806, 0.8747490048408508, 0.8706074357032776, 0.8792670965194702, 0.8792670965194702], "val_precision": [0.8928571343421936, 0.8672566413879395, 0.9559434652328491, 0.8868327140808105, 0.9485148787498474, 0.8716841340065002, 0.9471074342727661, 0.8746210932731628, 0.8744038343429565, 0.9511945247650146, 0.8824338912963867, 0.9202637672424316, 0.9583333134651184, 0.98825603723526, 0.937333345413208, 0.9604782462120056, 0.963922917842865, 0.944763720035553, 0.9544433951377869, 0.9446122646331787, 0.9560756683349609, 0.9908552765846252, 0.9817444086074829, 0.9500935673713684, 0.9610983729362488, 0.966119110584259, 0.9345820546150208, 0.9602272510528564, 0.9570058584213257, 0.9501671195030212, 0.9494056701660156, 0.9496574401855469, 0.9435011744499207], "val_recall": [0.1314142644405365, 0.3942670226097107, 0.28814834356307983, 0.6253450512886047, 0.47947949171066284, 0.7088035941123962, 0.573430061340332, 0.7968867421150208, 0.8239700198173523, 0.6969242095947266, 0.8044678568840027, 0.7694235444068909, 0.6236504912376404, 0.42318329215049744, 0.7049385905265808, 0.7266331911087036, 0.6921529173851013, 0.7451523542404175, 0.7499369978904724, 0.7019206881523132, 0.750566303730011, 0.4609609544277191, 0.6072772741317749, 0.768221914768219, 0.6295278668403625, 0.7100100517272949, 0.8463290929794312, 0.7162802219390869, 0.7760220766067505, 0.7894471287727356, 0.7826633453369141, 0.8008038401603699, 0.8073647022247314], "name": "VGGNetLike", "test_loss": [0.2297264188528061], "test_accuracy": [0.9004536271095276], "test_precision": [0.9419247508049011], "test_recall": [0.8544906973838806]}