{"loss": [0.6413446664810181, 0.47231820225715637, 0.35962575674057007, 0.29085221886634827, 0.2518291771411896, 0.22867625951766968, 0.2106674462556839, 0.19867675006389618, 0.18451325595378876, 0.1687583327293396, 0.15507079660892487, 0.14946550130844116, 0.135358527302742, 0.12877404689788818, 0.12058676779270172, 0.11840281635522842, 0.11034061014652252, 0.10119364410638809, 0.09934118390083313], "accuracy": [0.6590094566345215, 0.7670943140983582, 0.837550163269043, 0.8743190765380859, 0.8920226693153381, 0.9035980701446533, 0.9110163450241089, 0.9181479215621948, 0.9236310124397278, 0.9304400682449341, 0.9364607334136963, 0.9387543201446533, 0.9454916715621948, 0.9483586549758911, 0.9516198635101318, 0.9543434381484985, 0.9572462439537048, 0.9602924585342407, 0.9611166715621948], "precision": [0.6850695013999939, 0.7992308735847473, 0.8453123569488525, 0.8770610094070435, 0.8946875929832458, 0.9038558006286621, 0.9085848927497864, 0.9174687266349792, 0.9218906164169312, 0.9275042414665222, 0.9336320757865906, 0.9352436065673828, 0.9447588920593262, 0.9466896057128906, 0.9492371082305908, 0.9537448287010193, 0.9552837014198303, 0.9592494368553162, 0.9596855044364929], "recall": [0.5893266201019287, 0.7141527533531189, 0.8259684443473816, 0.8703265190124512, 0.8891193866729736, 0.9030777215957642, 0.9137361645698547, 0.9183923006057739, 0.9256577491760254, 0.9339494109153748, 0.9398496150970459, 0.9430696368217468, 0.9461825489997864, 0.9498885869979858, 0.9542717933654785, 0.9549756050109863, 0.9591953754425049, 0.961314857006073, 0.9626442790031433], "val_loss": [0.7788863778114319, 0.8090773820877075, 0.6647554039955139, 0.5081601738929749, 0.605514645576477, 0.5866329669952393, 0.950777530670166, 0.9117462038993835, 0.4092702269554138, 0.369688481092453, 0.4411454498767853, 0.36410853266716003, 0.32861682772636414, 0.3932466208934784, 0.3729490637779236, 0.638063371181488, 0.3875634968280792, 0.3315747082233429, 0.3544658422470093], "val_accuracy": [0.5205823183059692, 0.5320029854774475, 0.6541164517402649, 0.751757025718689, 0.6657881736755371, 0.6880019903182983, 0.6133283376693726, 0.5971385836601257, 0.8074799180030823, 0.8278112411499023, 0.7950552105903625, 0.8343373537063599, 0.8547942042350769, 0.8433734774589539, 0.8359688520431519, 0.7540160417556763, 0.8283132314682007, 0.8551706671714783, 0.8465110659599304], "val_precision": [0.8450704216957092, 0.9535714387893677, 0.9145417213439941, 0.8625044822692871, 0.9438127279281616, 0.953827440738678, 0.9641393423080444, 0.9936467409133911, 0.9326990842819214, 0.8859857320785522, 0.9408461451530457, 0.9160686135292053, 0.9109370708465576, 0.9430685043334961, 0.9314322471618652, 0.9700934290885925, 0.9531468749046326, 0.9189985394477844, 0.8861903548240662], "val_recall": [0.04537433758378029, 0.06703490018844604, 0.3351856470108032, 0.5994482040405273, 0.3536340892314911, 0.3944723606109619, 0.23601704835891724, 0.1961374431848526, 0.6634085178375244, 0.7512587904930115, 0.6301404237747192, 0.7363932728767395, 0.786967396736145, 0.7324506640434265, 0.7267500162124634, 0.5226585865020752, 0.6883838176727295, 0.7801950573921204, 0.7928246855735779], "name": "VGGNetLike", "test_loss": [0.3228206932544708], "test_accuracy": [0.8568548560142517], "test_precision": [0.9129425287246704], "test_recall": [0.7900552749633789]}