{"loss": [0.6134515404701233, 0.4061574339866638, 0.31774789094924927, 0.2744384706020355, 0.2416478544473648, 0.20656096935272217, 0.18342970311641693, 0.17027194797992706, 0.1504521369934082, 0.14147372543811798, 0.13080580532550812, 0.1204264685511589], "accuracy": [0.7019782066345215, 0.821889340877533, 0.8735306859016418, 0.8934202790260315, 0.9053899049758911, 0.9170011281967163, 0.9248495101928711, 0.92961585521698, 0.9391843676567078, 0.9431622624397278, 0.947570264339447, 0.9512256383895874], "precision": [0.7252406477928162, 0.8373873829841614, 0.8868176937103271, 0.9023711681365967, 0.9128310084342957, 0.9218885898590088, 0.9274611473083496, 0.9324538707733154, 0.9396823048591614, 0.9439581036567688, 0.948387086391449, 0.9507586359977722], "recall": [0.6521925926208496, 0.7991116046905518, 0.856231153011322, 0.8826056122779846, 0.896482527256012, 0.9111828207969666, 0.9220862984657288, 0.9264432191848755, 0.9389433264732361, 0.9423352479934692, 0.9468260407447815, 0.9517804980278015], "val_loss": [0.8336000442504883, 0.6025410890579224, 0.6887873411178589, 1.1047366857528687, 0.708634614944458, 0.43767258524894714, 0.47206658124923706, 0.8112896084785461, 0.7010833024978638, 0.6430805325508118, 0.5337090492248535, 0.7040606141090393], "val_accuracy": [0.5271084308624268, 0.6831074357032776, 0.625125527381897, 0.5125501751899719, 0.6237449645996094, 0.7896586060523987, 0.7584086060523987, 0.602786123752594, 0.6379266977310181, 0.6637800931930542, 0.7192519903182983, 0.6990461945533752], "val_precision": [0.8969072103500366, 0.8141136169433594, 0.9740633964538574, 1.0, 0.9469835758209229, 0.9071580171585083, 0.918178141117096, 0.994962215423584, 0.9803746938705444, 0.9764878749847412, 0.9611955881118774, 0.9770392775535583], "val_recall": [0.06526631861925125, 0.47478044033050537, 0.25515854358673096, 0.02092261239886284, 0.26056337356567383, 0.6441872119903564, 0.5695000290870667, 0.19994938373565674, 0.2773851454257965, 0.33425554633140564, 0.4587087035179138, 0.4065878689289093], "name": "VGGNetLike", "test_loss": [0.43837425112724304], "test_accuracy": [0.7925907373428345], "test_precision": [0.9065620303153992], "test_recall": [0.6474783420562744]}