{
    "loss": [
        1.0456875562667847,
        0.5451245307922363,
        0.48833587765693665,
        0.44377461075782776,
        0.4041629433631897,
        0.36101990938186646,
        0.33208197355270386,
        0.29871493577957153,
        0.27496016025543213,
        0.25502708554267883,
        0.24022150039672852,
        0.22156940400600433,
        0.20736636221408844,
        0.19430729746818542,
        0.18589720129966736,
        0.1713891327381134,
        0.16410134732723236,
        0.1526792049407959,
        0.14347536861896515,
        0.1365109384059906,
        0.12740330398082733,
        0.12320072948932648,
        0.11475694179534912,
        0.10705311596393585,
        0.10402417182922363,
        0.09614300727844238,
        0.09389787167310715,
        0.08696945756673813,
        0.08475781232118607,
        0.08289007842540741,
        0.0798632949590683,
        0.07235486060380936,
        0.07266993820667267,
        0.06880468130111694
    ],
    "accuracy": [
        0.615574836730957,
        0.7198609709739685,
        0.7655174732208252,
        0.7907826900482178,
        0.8161912560462952,
        0.8383744359016418,
        0.8558987975120544,
        0.87112957239151,
        0.8830991983413696,
        0.8925960659980774,
        0.8980074524879456,
        0.9070025682449341,
        0.9144925475120544,
        0.9206923842430115,
        0.92570960521698,
        0.9301533699035645,
        0.9328053593635559,
        0.9388617873191833,
        0.9441657066345215,
        0.947641909122467,
        0.9501504898071289,
        0.9521215558052063,
        0.9555619359016418,
        0.9582855701446533,
        0.9617975950241089,
        0.9626576900482178,
        0.9639836549758911,
        0.9669581651687622,
        0.9681407809257507,
        0.96875,
        0.9706135392189026,
        0.9734088182449341,
        0.9729787707328796,
        0.9752723574638367
    ],
    "precision": [
        0.5930477380752563,
        0.729300320148468,
        0.7706895470619202,
        0.796555757522583,
        0.821052610874176,
        0.842430830001831,
        0.8596325516700745,
        0.8736667633056641,
        0.8839921951293945,
        0.8954096436500549,
        0.8997830748558044,
        0.9088887572288513,
        0.9156172871589661,
        0.9199281930923462,
        0.9252249002456665,
        0.9295734763145447,
        0.9320479035377502,
        0.9398301243782043,
        0.9437307119369507,
        0.9472966194152832,
        0.9499784111976624,
        0.9523946046829224,
        0.9550876617431641,
        0.9580344557762146,
        0.9613783359527588,
        0.9606977701187134,
        0.9622587561607361,
        0.9663099050521851,
        0.967156708240509,
        0.9683225154876709,
        0.9687477350234985,
        0.9730738997459412,
        0.9716135263442993,
        0.9738608598709106
    ],
    "recall": [
        0.5743921399116516,
        0.7001073956489563,
        0.7579677104949951,
        0.7816125154495239,
        0.8073025345802307,
        0.8315373659133911,
        0.8500646352767944,
        0.868036687374115,
        0.881453275680542,
        0.8878645896911621,
        0.8949942588806152,
        0.9053165912628174,
        0.9120530486106873,
        0.9210526347160339,
        0.9255579710006714,
        0.9314970970153809,
        0.9334529638290405,
        0.9375358819961548,
        0.9444085359573364,
        0.9477729797363281,
        0.949910044670105,
        0.9517112970352173,
        0.9557744860649109,
        0.9584469795227051,
        0.9620689749717712,
        0.9649574756622314,
        0.9657794833183289,
        0.9674217700958252,
        0.969032883644104,
        0.9688805937767029,
        0.9722402691841125,
        0.9736331701278687,
        0.974664568901062,
        0.9767908453941345
    ],
    "val_loss": [
        0.62826007604599,
        0.61387038230896,
        0.580041229724884,
        0.6533275246620178,
        0.5003512501716614,
        0.52569979429245,
        0.5838954448699951,
        0.6436006426811218,
        0.4438481032848358,
        0.5122382044792175,
        0.44164207577705383,
        0.4139087200164795,
        0.39330631494522095,
        0.4851483106613159,
        0.41997039318084717,
        0.4052756130695343,
        0.41078853607177734,
        0.35110828280448914,
        0.3278962969779968,
        0.3576832115650177,
        0.33222416043281555,
        0.5279489159584045,
        0.38948649168014526,
        0.29772767424583435,
        0.33820757269859314,
        0.3843928575515747,
        0.3897511959075928,
        0.28812122344970703,
        0.5061326622962952,
        0.4324686527252197,
        0.36539581418037415,
        0.3346368372440338,
        0.37647733092308044,
        0.3132379949092865
    ],
    "val_accuracy": [
        0.6572540402412415,
        0.645456850528717,
        0.7006776928901672,
        0.6805973649024963,
        0.7641817331314087,
        0.7459839582443237,
        0.7449799180030823,
        0.6785893440246582,
        0.7950552105903625,
        0.772213876247406,
        0.8087349534034729,
        0.812625527381897,
        0.8279367685317993,
        0.7732178568840027,
        0.7986947894096375,
        0.8076054453849792,
        0.8259286880493164,
        0.8460090160369873,
        0.8589357137680054,
        0.8396084308624268,
        0.8599397540092468,
        0.7656877636909485,
        0.8196536302566528,
        0.876631498336792,
        0.8629518151283264,
        0.8432480096817017,
        0.8564257025718689,
        0.8787650465965271,
        0.8028363585472107,
        0.8310742974281311,
        0.8422439694404602,
        0.867595374584198,
        0.8505271077156067,
        0.8708584308624268
    ],
    "val_precision": [
        0.6404063105583191,
        0.8203427195549011,
        0.6833180785179138,
        0.6261829733848572,
        0.7732678651809692,
        0.6943838000297546,
        0.8745671510696411,
        0.6181455850601196,
        0.7660871744155884,
        0.8887304067611694,
        0.7640807628631592,
        0.8946366310119629,
        0.7809953093528748,
        0.916287899017334,
        0.7307618260383606,
        0.7846189737319946,
        0.9051777720451355,
        0.8115612268447876,
        0.8594608306884766,
        0.7919535040855408,
        0.8812220096588135,
        0.9560534358024597,
        0.7896286249160767,
        0.8814249634742737,
        0.8769190907478333,
        0.8687819242477417,
        0.8319209218025208,
        0.8792415261268616,
        0.9400436282157898,
        0.9277814030647278,
        0.8955310583114624,
        0.8498098850250244,
        0.8299576044082642,
        0.8866684436798096
    ],
    "val_recall": [
        0.7137106657028198,
        0.37248995900154114,
        0.748306155204773,
        0.896612286567688,
        0.749060869216919,
        0.8784835338592529,
        0.5712490677833557,
        0.9339693784713745,
        0.8503759503364563,
        0.6237797141075134,
        0.8967323303222656,
        0.7082914710044861,
        0.9123026728630066,
        0.6039950251579285,
        0.9498628377914429,
        0.8478533625602722,
        0.728230893611908,
        0.899369478225708,
        0.8598901033401489,
        0.9220941662788391,
        0.8342059254646301,
        0.5569779276847839,
        0.8728410601615906,
        0.8701331615447998,
        0.8448232412338257,
        0.8093687295913696,
        0.8915237188339233,
        0.8796804547309875,
        0.6478837728500366,
        0.7173038125038147,
        0.7747928500175476,
        0.8942235708236694,
        0.8825444579124451,
        0.8493703007698059
    ],
    "name": "VGGNetLike_iteration_3",
    "test_loss": [
        0.258676677942276
    ],
    "test_accuracy": [
        0.8936492204666138
    ],