{
    "loss": [
        1.3484530448913574,
        0.5392447113990784,
        0.47088316082954407,
        0.42071011662483215,
        0.3762403130531311,
        0.34396108984947205,
        0.30692780017852783,
        0.2750031650066376,
        0.25215962529182434,
        0.23141461610794067,
        0.211581751704216,
        0.18872901797294617,
        0.174386665225029,
        0.16074198484420776,
        0.1513473242521286,
        0.14043302834033966,
        0.12664657831192017,
        0.11573167145252228,
        0.10829572379589081,
        0.10189516842365265,
        0.10039780288934708,
        0.09461820125579834,
        0.08445848524570465,
        0.08148159086704254,
        0.07683071494102478,
        0.07174406945705414,
        0.07032076269388199,
        0.0696544349193573,
        0.062127817422151566,
        0.06376500427722931,
        0.05577888339757919
    ],
    "accuracy": [
        0.5832138657569885,
        0.7329415082931519,
        0.7755160331726074,
        0.8081278800964355,
        0.8353641033172607,
        0.8517058491706848,
        0.8705561757087708,
        0.8848193883895874,
        0.8919151425361633,
        0.9068233966827393,
        0.9118406176567078,
        0.9235951900482178,
        0.92975914478302,
        0.93757164478302,
        0.9416571259498596,
        0.9448108077049255,
        0.950831413269043,
        0.9551318883895874,
        0.9603641033172607,
        0.9611524939537048,
        0.9636611342430115,
        0.96487957239151,
        0.9678182601928711,
        0.9701117873191833,
        0.9731221199035645,
        0.9746273159980774,
        0.9746273159980774,
        0.9758457541465759,
        0.9773508906364441,
        0.9780676364898682,
        0.9812213182449341
    ],
    "precision": [
        0.5632119178771973,
        0.7460098266601562,
        0.7832167744636536,
        0.810624897480011,
        0.8407614827156067,
        0.8578978180885315,
        0.8775117993354797,
        0.8906569480895996,
        0.8957783579826355,
        0.912162184715271,
        0.9154091477394104,
        0.9263157844543457,
        0.9330525994300842,
        0.9424753189086914,
        0.9443145394325256,
        0.9483758807182312,
        0.9551020264625549,
        0.9577527046203613,
        0.9642077684402466,
        0.9627967476844788,
        0.9658515453338623,
        0.9683396816253662,
        0.9706137776374817,
        0.9722666144371033,
        0.9760487675666809,
        0.9756132960319519,
        0.9761042594909668,
        0.9761284589767456,
        0.9796983599662781,
        0.979208767414093,
        0.982215166091919
    ],
    "recall": [
        0.5495158433914185,
        0.701240599155426,
        0.758610725402832,
        0.8002022504806519,
        0.8238611817359924,
        0.8414686918258667,
        0.8587333559989929,
        0.8767064213752747,
        0.8846265077590942,
        0.8984375,
        0.9069867730140686,
        0.9185271263122559,
        0.9252592325210571,
        0.9317823052406311,
        0.9371917843818665,
        0.9404659271240234,
        0.9454545378684998,
        0.9507790803909302,
        0.9557254314422607,
        0.9589100480079651,
        0.9609847664833069,
        0.9604920148849487,
        0.9646093845367432,
        0.9673504829406738,
        0.9697144627571106,
        0.9733659625053406,
        0.9727233648300171,
        0.9751409292221069,
        0.9746105074882507,
        0.976670503616333,
        0.9799480438232422
    ],
    "val_loss": [
        0.6324775218963623,
        0.7656087279319763,
        0.5065840482711792,
        0.4467581808567047,
        0.36139214038848877,
        0.6796122193336487,
        1.213629961013794,
        0.39770641922950745,
        0.28924211859703064,
        0.5262813568115234,
        0.5360528230667114,
        0.4233851134777069,
        0.33290159702301025,
        0.28721708059310913,
        0.6260201334953308,
        0.28858527541160583,
        0.5032410025596619,
        0.27811819314956665,
        0.5095505118370056,
        0.26737624406814575,
        0.33487921953201294,
        0.3123161792755127,
        0.28440946340560913,
        0.38329774141311646,
        0.25221359729766846,
        0.6763842105865479,
        0.34175238013267517,
        0.9462960362434387,
        0.43873900175094604,
        0.487832635641098,
        0.35089144110679626
    ],
    "val_accuracy": [
        0.6622983813285828,
        0.538306474685669,
        0.7623487710952759,
        0.7923387289047241,
        0.8480342626571655,
        0.7242943644523621,
        0.5133568644523621,
        0.8266128897666931,
        0.8807963728904724,
        0.7956148982048035,
        0.7245463728904724,
        0.7837701439857483,
        0.866431474685669,
        0.8873487710952759,
        0.8112398982048035,
        0.8994455933570862,
        0.8094757795333862,
        0.8971773982048035,
        0.8477822542190552,
        0.907006025314331,
        0.866431474685669,
        0.8971773982048035,
        0.8815523982048035,
        0.8855846524238586,
        0.9100302457809448,
        0.8566028475761414,
        0.8870967626571655,
        0.7633568644523621,
        0.8729838728904724,
        0.8737398982048035,
        0.8923891186714172
    ],
    "val_precision": [
        0.644713282585144,
        0.9575757384300232,
        0.7248322367668152,
        0.7675057053565979,
        0.8679245114326477,
        0.9702563881874084,
        0.9852941036224365,
        0.8360909819602966,
        0.9079588651657104,
        0.7173431515693665,
        0.9363548755645752,
        0.9743801355361938,
        0.8699596524238586,
        0.9273836016654968,
        0.9534545540809631,
        0.9361820220947266,
        0.9593495726585388,
        0.9289558529853821,
        0.7807508111000061,
        0.9100050330162048,
        0.9196531772613525,
        0.8914538025856018,
        0.8979591727256775,
        0.8402991890907288,
        0.8868544697761536,
        0.789536714553833,
        0.9533799290657043,
        0.9833794832229614,
        0.9618750214576721,
        0.8410958647727966,
        0.9135932326316833
    ],
    "val_recall": [
        0.7245720028877258,
        0.07967725396156311,
        0.8575682640075684,
        0.8414450287818909,
        0.8251121044158936,
        0.4704127311706543,
        0.03355032578110695,
        0.8133803009986877,
        0.846969723701477,
        0.9773755669593811,
        0.48598599433898926,
        0.5877367854118347,
        0.8638638854026794,
        0.8411262035369873,
        0.6568136215209961,
        0.8559107184410095,
        0.6493246555328369,
        0.8621378540992737,
        0.9726368188858032,
        0.9049999713897705,
        0.8027245402336121,
        0.906593382358551,
        0.8618784546852112,
        0.9545227289199829,
        0.9421446323394775,
        0.97919762134552,
        0.8163672685623169,
        0.5362537503242493,
        0.7764884233474731,
        0.923308253288269,
        0.8683024644851685
    ],
    "name": "VGGNetLike_iteration_2",
    "test_loss": [
        0.15262940526008606
    ],
    "test_accuracy": [
        0.9344757795333862
    ],
    "test_precision": [
        0.909345805644989
    ],
    "test_recall": [
        0.9671968221664429
    ]
}