{
    "loss": [
        1.1222237348556519,
        0.6280789375305176,
        0.5449531078338623,
        0.4655143916606903,
        0.4043060839176178,
        0.3600758910179138,
        0.32269635796546936,
        0.29138314723968506,
        0.2612859606742859,
        0.24374914169311523,
        0.22237811982631683,
        0.20390820503234863,
        0.1842363029718399,
        0.1740207076072693,
        0.15101541578769684,
        0.13681696355342865,
        0.12387819588184357,
        0.12045975774526596,
        0.09607755392789841,
        0.09921705722808838,
        0.08618077635765076,
        0.07850943505764008,
        0.07919773459434509,
        0.06892137229442596
    ],
    "accuracy": [
        0.5282396674156189,
        0.6517345309257507,
        0.7289994359016418,
        0.778884768486023,
        0.8149369359016418,
        0.8417431116104126,
        0.8603784441947937,
        0.87492835521698,
        0.89055335521698,
        0.8958572149276733,
        0.90632164478302,
        0.9149942398071289,
        0.9274656176567078,
        0.9279673099517822,
        0.9366399049758911,
        0.9442374110221863,
        0.9503297209739685,
        0.9521215558052063,
        0.962514340877533,
        0.9600774049758911,
        0.9669581651687622,
        0.9701117873191833,
        0.9699684381484985,
        0.9731221199035645
    ],
    "precision": [
        0.5735328793525696,
        0.6597211956977844,
        0.7527807950973511,
        0.790286660194397,
        0.8207424283027649,
        0.8414146900177002,
        0.863930881023407,
        0.8757692575454712,
        0.8886353969573975,
        0.8938833475112915,
        0.9048839807510376,
        0.9148359298706055,
        0.9252124428749084,
        0.9253476858139038,
        0.9355251789093018,
        0.9398977160453796,
        0.9481998085975647,
        0.9492702484130859,
        0.9614726305007935,
        0.9559515118598938,
        0.9654778838157654,
        0.9683399796485901,
        0.9687011241912842,
        0.9718732237815857
    ],
    "recall": [
        0.6114321351051331,
        0.6389994025230408,
        0.6856449842453003,
        0.7607949376106262,
        0.8090559840202332,
        0.8433390259742737,
        0.8567756414413452,
        0.8746426701545715,
        0.8930925726890564,
        0.8988699913024902,
        0.9086359739303589,
        0.9158811569213867,
        0.9310148358345032,
        0.9315616488456726,
        0.9384637475013733,
        0.9490674138069153,
        0.9529462456703186,
        0.9557711482048035,
        0.9638106226921082,
        0.9643370509147644,
        0.968656063079834,
        0.9720830321311951,
        0.9716038703918457,
        0.9745168089866638
    ],
    "val_loss": [
        0.6833617687225342,
        0.6361603140830994,
        0.6553090810775757,
        0.5474039912223816,
        0.4393402338027954,
        0.5498853921890259,
        0.39688801765441895,
        0.9820759892463684,
        1.0915820598602295,
        1.074555516242981,
        0.3611150085926056,
        1.500439167022705,
        0.32136818766593933,
        0.33692383766174316,
        0.49037185311317444,
        0.39109450578689575,
        0.3716178238391876,
        0.259091317653656,
        0.29664167761802673,
        0.285442054271698,
        0.2852957248687744,
        0.35851338505744934,
        0.27830326557159424,
        0.3377368748188019
    ],
    "val_accuracy": [
        0.5471270084381104,
        0.6287802457809448,
        0.6262601017951965,
        0.7079132795333862,
        0.7900705933570862,
        0.7058971524238586,
        0.8180443644523621,
        0.6108871102333069,
        0.6313003897666931,
        0.5728326439857483,
        0.8407257795333862,
        0.5433467626571655,
        0.8603830933570862,
        0.8694556355476379,
        0.819556474685669,
        0.8510584831237793,
        0.8699596524238586,
        0.8941532373428345,
        0.8787802457809448,
        0.8926411271095276,
        0.9019657373428345,
        0.8777721524238586,
        0.9059979915618896,
        0.8853326439857483
    ],
    "val_precision": [
        0.5372384786605835,
        0.6237670183181763,
        0.8925870060920715,
        0.9179841876029968,
        0.7398001551628113,
        0.9250513315200806,
        0.7714893817901611,
        0.5655853152275085,
        0.971222996711731,
        0.9300291538238525,
        0.7775947451591492,
        0.9886363744735718,
        0.8445913791656494,
        0.8210251927375793,
        0.9169884324073792,
        0.9340256452560425,
        0.9414201378822327,
        0.8913043737411499,
        0.8456621170043945,
        0.8990778923034668,
        0.9075673222541809,
        0.9444119334220886,
        0.8975754380226135,
        0.9416809678077698
    ],
    "val_recall": [
        0.650126576423645,
        0.6639999747276306,
        0.2947053015232086,
        0.4633416533470154,
        0.8952140808105469,
        0.45162907242774963,
        0.9074074029922485,
        0.9980089664459229,
        0.2717664837837219,
        0.16030150651931763,
        0.9535353779792786,
        0.08770161122083664,
        0.8882265090942383,
        0.9468938112258911,
        0.7082505226135254,
        0.7599403858184814,
        0.7923306822776794,
        0.9001995921134949,
        0.9283208250999451,
        0.8845766186714172,
        0.8961885571479797,
        0.8053892254829407,
        0.9161615967750549,
        0.8234999775886536
    ],
    "name": "VGGNetLike_iteration_3",
    "test_loss": [
        0.22990281879901886
    ],
    "test_accuracy": [
        0.9082661271095276
    ],
    "test_precision": [
        0.9042448401451111
    ],
    "test_recall": [
        0.9150848984718323
    ]
}