{"loss": [1.3967885971069336, 0.5388259291648865, 0.48546841740608215, 0.43842655420303345, 0.3970382809638977, 0.3573829233646393, 0.3262768089771271, 0.2920614778995514, 0.2627161145210266, 0.24187910556793213, 0.2211981564760208, 0.20096035301685333, 0.18748441338539124, 0.17162317037582397, 0.15573494136333466, 0.14364567399024963, 0.13111771643161774, 0.12833882868289948, 0.11641879379749298, 0.10396271198987961, 0.10017901659011841, 0.09405931085348129, 0.09244826436042786, 0.0834399163722992, 0.0767059326171875], "accuracy": [0.5883744359016418, 0.732798159122467, 0.7699971199035645, 0.7963733077049255, 0.8238245248794556, 0.8471186757087708, 0.8582282066345215, 0.8737815618515015, 0.8904816508293152, 0.9006593823432922, 0.9093319773674011, 0.919509768486023, 0.9255303740501404, 0.9296875, 0.9387184381484985, 0.9450975060462952, 0.9472476840019226, 0.9490395784378052, 0.955418586730957, 0.9613675475120544, 0.9626576900482178, 0.963231086730957, 0.9646645784378052, 0.967173159122467, 0.9709002375602722], "precision": [0.5854065418243408, 0.7424719333648682, 0.7799251079559326, 0.8028824925422668, 0.8272700905799866, 0.8523920774459839, 0.8649399876594543, 0.8816368579864502, 0.897473156452179, 0.9058002829551697, 0.9147050380706787, 0.9244295954704285, 0.9284989237785339, 0.9326784014701843, 0.9423802495002747, 0.9455274939537048, 0.951339602470398, 0.9517707824707031, 0.9570914506912231, 0.963208794593811, 0.9649754762649536, 0.9635708928108215, 0.9671109914779663, 0.9688671231269836, 0.9713668823242188], "recall": [0.6041308045387268, 0.7115578055381775, 0.7494961023330688, 0.7876321077346802, 0.8172800540924072, 0.8390523791313171, 0.8485500812530518, 0.863029420375824, 0.8826049566268921, 0.8941024541854858, 0.9027678370475769, 0.9134118556976318, 0.9214162230491638, 0.9261224865913391, 0.9341102242469788, 0.9447149634361267, 0.9426029324531555, 0.9461857676506042, 0.953521728515625, 0.9591953754425049, 0.9601319432258606, 0.9626007080078125, 0.9616770148277283, 0.9652498364448547, 0.9702500700950623], "val_loss": [0.8146132826805115, 0.8332126140594482, 0.7732389569282532, 0.5058786273002625, 0.5637174844741821, 0.4766141176223755, 0.426852285861969, 0.48678842186927795, 0.30264297127723694, 0.3572232723236084, 0.39854347705841064, 0.4249707758426666, 0.5465286374092102, 0.3274778127670288, 0.2964155077934265, 0.36324864625930786, 0.33476588129997253, 1.0569738149642944, 0.26621773838996887, 0.37784329056739807, 2.047910451889038, 2.285043478012085, 0.31011486053466797, 0.35564377903938293, 0.3623839318752289], "val_accuracy": [0.5274697542190552, 0.5050403475761414, 0.5259576439857483, 0.7515121102333069, 0.7119455933570862, 0.8082157373428345, 0.8200604915618896, 0.7605846524238586, 0.8800403475761414, 0.8432459831237793, 0.8235887289047241, 0.7993951439857483, 0.7459677457809448, 0.860131025314331, 0.8707157373428345, 0.8530746102333069, 0.8482862710952759, 0.6340726017951965, 0.8873487710952759, 0.8487903475761414, 0.6401209831237793, 0.5972782373428345, 0.8681955933570862, 0.8689516186714172, 0.8525705933570862], "val_precision": [0.5162569284439087, 0.7547169923782349, 0.9558823704719543, 0.8464646339416504, 0.6390339136123657, 0.7884071469306946, 0.7515600919723511, 0.6959733963012695, 0.8917098641395569, 0.9138035178184509, 0.8633540272712708, 0.9174894094467163, 0.9603246450424194, 0.882758617401123, 0.8812339305877686, 0.8580775260925293, 0.8569953441619873, 0.9676320552825928, 0.9283746480941772, 0.9440203309059143, 0.9732441306114197, 0.987922728061676, 0.8860892653465271, 0.8142493367195129, 0.9258123636245728], "val_recall": [0.977477490901947, 0.020090406760573387, 0.06483790278434753, 0.6238213181495667, 0.9814536571502686, 0.8428211808204651, 0.9615768194198608, 0.9368473291397095, 0.8656941652297974, 0.7598997354507446, 0.7695017457008362, 0.6570706963539124, 0.5248891115188599, 0.8328328132629395, 0.8587174415588379, 0.8499501347541809, 0.8362720608711243, 0.283858060836792, 0.841658353805542, 0.7434870004653931, 0.2918756306171417, 0.20429570972919464, 0.8465396165847778, 0.9590409398078918, 0.7649442553520203], "name": "sequential", "test_loss": [0.23898889124393463], "test_accuracy": [0.8996976017951965], "test_precision": [0.9315961003303528], "test_recall": [0.863179087638855]}