{"loss": [1.0249912738800049, 0.5880810022354126, 0.5046060681343079, 0.44213980436325073, 0.39785006642341614, 0.3453003168106079, 0.31065624952316284, 0.2772011458873749, 0.25415733456611633, 0.2378280907869339, 0.21919479966163635, 0.19864553213119507, 0.18779273331165314, 0.1813342124223709, 0.1655123084783554, 0.1529766172170639, 0.1477101594209671, 0.13512367010116577, 0.1285354048013687, 0.12762098014354706], "accuracy": [0.548523485660553, 0.6968176364898682, 0.7590309381484985, 0.8018922209739685, 0.8287700414657593, 0.8513475060462952, 0.8693377375602722, 0.885177731513977, 0.8954271674156189, 0.9019495248794556, 0.9115539193153381, 0.9168577790260315, 0.9225917458534241, 0.9268922209739685, 0.9367116093635559, 0.9396502375602722, 0.9422305226325989, 0.9472476840019226, 0.9503297209739685, 0.9478927850723267], "precision": [0.5482319593429565, 0.7073318362236023, 0.7633127570152283, 0.809272289276123, 0.8347482681274414, 0.8501076698303223, 0.8661450743675232, 0.8816989660263062, 0.8896306753158569, 0.9036492109298706, 0.9108116030693054, 0.9147021174430847, 0.9179232120513916, 0.9242144227027893, 0.9329441785812378, 0.9368675947189331, 0.9388453364372253, 0.9457297921180725, 0.9480741620063782, 0.9454571604728699], "recall": [0.5552213191986084, 0.6710167527198792, 0.7474791407585144, 0.7902578711509705, 0.8190435171127319, 0.8518198728561401, 0.8734758496284485, 0.8890485763549805, 0.9017998576164246, 0.8994975090026855, 0.912119448184967, 0.9191672801971436, 0.9276883006095886, 0.9302991032600403, 0.9408470988273621, 0.9427793025970459, 0.9458566904067993, 0.9489825367927551, 0.9528315663337708, 0.950737476348877], "val_loss": [0.6234837770462036, 0.819698691368103, 1.2275723218917847, 0.5714150071144104, 0.5400784611701965, 0.4681948125362396, 0.5933933854103088, 0.4331115782260895, 0.30849775671958923, 0.2965594232082367, 0.7652350068092346, 0.7345653176307678, 0.26037630438804626, 0.23390080034732819, 0.4266503155231476, 0.36283794045448303, 0.2931205630302429, 0.3559538722038269, 0.245851069688797, 0.6539782881736755], "val_accuracy": [0.6582661271095276, 0.5123487710952759, 0.5105846524238586, 0.6920362710952759, 0.7056451439857483, 0.7888104915618896, 0.6950604915618896, 0.8024193644523621, 0.8694556355476379, 0.8823084831237793, 0.6620463728904724, 0.5753528475761414, 0.8954132795333862, 0.9075101017951965, 0.7971270084381104, 0.8349294066429138, 0.8712197542190552, 0.8654233813285828, 0.8949092626571655, 0.7316028475761414], "val_precision": [0.6402910351753235, 0.9607843160629272, 0.8372092843055725, 0.8757338523864746, 0.9613259434700012, 0.9438461661338806, 0.9895697236061096, 0.7356948256492615, 0.94344162940979, 0.8527020812034607, 0.9922118186950684, 0.9907975196838379, 0.8793269395828247, 0.89906907081604, 0.9891576170921326, 0.8689159154891968, 0.818260133266449, 0.9699488282203674, 0.8510357141494751, 0.6521013975143433], "val_recall": [0.7136340737342834, 0.024722501635551453, 0.01826483942568302, 0.4497487545013428, 0.434348464012146, 0.615963876247406, 0.3870474100112915, 0.9473684430122375, 0.7871485948562622, 0.9181256294250488, 0.322858601808548, 0.16109725832939148, 0.9177119731903076, 0.9193387031555176, 0.5995955467224121, 0.7898441553115845, 0.9552538990974426, 0.7569860219955444, 0.9606965184211731, 0.9888720512390137], "name": "VGGNetLike", "test_loss": [0.21600893139839172], "test_accuracy": [0.9203628897666931], "test_precision": [0.9085545539855957], "test_recall": [0.9342770576477051]}