{
    "loss": [
        0.7028249502182007,
        0.5991644859313965,
        0.5429909229278564,
        0.4955337643623352,
        0.44990792870521545,
        0.424723356962204,
        0.39266347885131836,
        0.36888810992240906,
        0.35021308064460754,
        0.32941994071006775,
        0.3081674873828888,
        0.28458741307258606,
        0.26710790395736694,
        0.24944162368774414,
        0.22623847424983978,
        0.21569620072841644,
        0.19551502168178558,
        0.17774267494678497
    ],
    "accuracy": [
        0.6185492873191833,
        0.6771789193153381,
        0.7274942398071289,
        0.7620412707328796,
        0.7894208431243896,
        0.8026806116104126,
        0.8215309381484985,
        0.8347190618515015,
        0.8459002375602722,
        0.8552895784378052,
        0.8658257126808167,
        0.8780103325843811,
        0.8849627375602722,
        0.8943520784378052,
        0.9035263657569885,
        0.9075401425361633,
        0.9211582541465759,
        0.927393913269043
    ],
    "precision": [
        0.594375729560852,
        0.6898469924926758,
        0.7421815395355225,
        0.7741353511810303,
        0.7993141412734985,
        0.8111423254013062,
        0.8288314938545227,
        0.8417033553123474,
        0.8511505722999573,
        0.8605531454086304,
        0.8699057102203369,
        0.8807793259620667,
        0.8862491250038147,
        0.9003056287765503,
        0.9052888751029968,
        0.9090515375137329,
        0.921850323677063,
        0.9274967908859253
    ],
    "recall": [
        0.5873067378997803,
        0.6412871479988098,
        0.6972910761833191,
        0.7390180826187134,
        0.7710340619087219,
        0.7881964445114136,
        0.8100430369377136,
        0.8235632181167603,
        0.8382099866867065,
        0.8478416800498962,
        0.8601749539375305,
        0.8729106783866882,
        0.8830702900886536,
        0.8868817090988159,
        0.9016604423522949,
        0.9051315188407898,
        0.9202638864517212,
        0.9273638725280762
    ],
    "val_loss": [
        0.6717134118080139,
        0.8655074834823608,
        1.5138107538223267,
        0.5648533701896667,
        0.5332362651824951,
        0.9465217590332031,
        0.6664606332778931,
        0.47903192043304443,
        0.5581745505332947,
        0.4309605360031128,
        0.8635187745094299,
        0.4024026095867157,
        0.8578759431838989,
        0.42052048444747925,
        0.9074613451957703,
        0.5765326023101807,
        0.4123172163963318,
        0.48106494545936584
    ],
    "val_accuracy": [
        0.5733367204666138,
        0.5032762289047241,
        0.5204132795333862,
        0.7069052457809448,
        0.7300907373428345,
        0.5574596524238586,
        0.6454132795333862,
        0.7623487710952759,
        0.7255544066429138,
        0.7986391186714172,
        0.6479334831237793,
        0.8223286271095276,
        0.6433971524238586,
        0.8092237710952759,
        0.6645665168762207,
        0.7721773982048035,
        0.8286290168762207,
        0.8051915168762207
    ],
    "val_precision": [
        0.827740490436554,
        1.0,
        0.5144107341766357,
        0.8407225012779236,
        0.7061673998832703,
        0.9811320900917053,
        0.9609375,
        0.9117415547370911,
        0.9183098673820496,
        0.8823907375335693,
        0.9518796801567078,
        0.7982577085494995,
        0.9409984946250916,
        0.8774510025978088,
        0.9346405267715454,
        0.7288717031478882,
        0.9068475961685181,
        0.9398711323738098
    ],
    "val_recall": [
        0.18630412220954895,
        0.006051436997950077,
        0.9920595288276672,
        0.5137982964515686,
        0.7987045049667358,
        0.129288911819458,
        0.30796194076538086,
        0.581991970539093,
        0.4939393997192383,
        0.6902966499328613,
        0.3168168067932129,
        0.867896318435669,
        0.3113113045692444,
        0.7199597954750061,
        0.35821643471717834,
        0.861998975276947,
        0.7353676557540894,
        0.6558441519737244
    ],
    "name": "VGGNetLike_iteration_1",
    "test_loss": [
        0.3578706681728363
    ],
    "test_accuracy": [
        0.8432459831237793
    ],
    "test_precision": [
        0.8273244500160217
    ],
    "test_recall": [
        0.8711288571357727
    ]
}